2026-07-08 23:34:36,456 - root - INFO - [Tools API] GET /scenario/all params={}
2026-07-08 23:34:36,558 - root - INFO - [Scenario 08e221e5-3ed8-42ed-b7b3-0fd9dfd8d99e] attempt 1/1
2026-07-08 23:34:36,564 - root - INFO - [Tools API] GET /tools params={}
2026-07-08 23:34:36,564 - root - INFO - 
[Scenario: 08e221e5-3ed8-42ed-b7b3-0fd9dfd8d99e] Investigator round 1, calling tools:
2026-07-08 23:34:40,019 - httpx - INFO - HTTP Request: POST https://api.tokenfactory.nebius.com/v1/chat/completions "HTTP/1.1 200 OK"
2026-07-08 23:34:40,028 - root - INFO - [Request tool call chatcmpl-tool-87f65ed6fc552469] function get_throughput_logs()
2026-07-08 23:34:40,028 - root - INFO - [95m[Executing tool call chatcmpl-tool-87f65ed6fc552469] function get_throughput_logs()[0m
2026-07-08 23:34:40,040 - root - INFO - [Tools API] GET /throughput-logs params={}
2026-07-08 23:34:40,040 - root - INFO - [95m[Tool result] {"Logs": "Timestamp|5G KPI PCell Layer2 MAC DL Throughput [Mbps]\n2024-09-20 22:21:31.944|520.9\n2024-09-20 22:21:32.210|552.14\n2024-09-20 22:21:33.676|393.59\n2024-09-20 22:21:34.362|81.73\n2024-09-20 22:21:35.701|37.22\n2024-09-20 22:21:36.226|62.04\n2024-09-20 22:21:37.967|25.61\n2024-09-20 22:21:38.260|59.12\n2024-09-20 22:21:39.204|47.99\n2024-09-20 22:21:40.781|591.14\n2024-09-20 22:21:41.981|340.47\n2024-09-20 22:21:42.696|399.52\n"} [0m
2026-07-08 23:34:40,040 - root - INFO - 
[Scenario: 08e221e5-3ed8-42ed-b7b3-0fd9dfd8d99e] Investigator round 2, calling tools:
2026-07-08 23:34:41,234 - httpx - INFO - HTTP Request: POST https://api.tokenfactory.nebius.com/v1/chat/completions "HTTP/1.1 200 OK"
2026-07-08 23:34:41,236 - root - INFO - [Request tool call chatcmpl-tool-94e3d622826d12a4] function get_serving_cell_pci(time=2024-09-20 22:21:34.219)
2026-07-08 23:34:41,236 - root - INFO - [95m[Executing tool call chatcmpl-tool-94e3d622826d12a4] function get_serving_cell_pci(time=2024-09-20 22:21:34.219)[0m
2026-07-08 23:34:41,244 - root - INFO - [Tools API] GET /serving-cell-pci params={'time': '2024-09-20 22:21:34.219'} -> HTTPError: No serving cell PCI found for time 2024-09-20 22:21:34.219
2026-07-08 23:34:41,244 - root - INFO - [95m[Tool result] {"error": "No serving cell PCI found for time 2024-09-20 22:21:34.219"} [0m
2026-07-08 23:34:41,244 - root - INFO - 
[Scenario: 08e221e5-3ed8-42ed-b7b3-0fd9dfd8d99e] Investigator round 3, calling tools:
2026-07-08 23:34:42,316 - httpx - INFO - HTTP Request: POST https://api.tokenfactory.nebius.com/v1/chat/completions "HTTP/1.1 200 OK"
2026-07-08 23:34:42,317 - root - INFO - [Request tool call chatcmpl-tool-90b43647c2da0963] function get_serving_cell_pci(time=2024-09-20 22:21:34.362)
2026-07-08 23:34:42,317 - root - INFO - [95m[Executing tool call chatcmpl-tool-90b43647c2da0963] function get_serving_cell_pci(time=2024-09-20 22:21:34.362)[0m
2026-07-08 23:34:42,324 - root - INFO - [Tools API] GET /serving-cell-pci params={'time': '2024-09-20 22:21:34.362'}
2026-07-08 23:34:42,324 - root - INFO - [95m[Tool result] {"PCI": 166} [0m
2026-07-08 23:34:42,324 - root - INFO - 
[Scenario: 08e221e5-3ed8-42ed-b7b3-0fd9dfd8d99e] Investigator round 4, calling tools:
2026-07-08 23:34:43,099 - httpx - INFO - HTTP Request: POST https://api.tokenfactory.nebius.com/v1/chat/completions "HTTP/1.1 200 OK"
2026-07-08 23:34:43,101 - root - INFO - [Request tool call chatcmpl-tool-ba1cf1ab111796b8] function get_cell_info(pci=166)
2026-07-08 23:34:43,102 - root - INFO - [95m[Executing tool call chatcmpl-tool-ba1cf1ab111796b8] function get_cell_info(pci=166)[0m
2026-07-08 23:34:43,116 - root - INFO - [Tools API] GET /cell-info params={'pci': 166}
2026-07-08 23:34:43,116 - root - INFO - [95m[Tool result] {"gNodeB ID": 3239249, "Cell ID": 3, "Longitude": 121.4713147472, "Latitude": 31.1447758717, "Mechanical Azimuth": 67, "Mechanical Downtilt": 3, "Digital Tilt": 11, "Height": 45.9, "Duplex Mode": "TDD", "PCI": 166, "Band": "n41", "DL ARFCN": 504990, "BW [MHz]": "100M", "TxRx Mode": "64T64R", "Transmission Power": 16, "ARFCN": 504990, "InterFreqHoEventType": "EVENT_A5", "CovInterFreqA2RsrpThld [dBm]": -105, "InterFreqA2Hyst [0.5dB]": 2, "CovInterFreqA5RsrpThld1 [dBm]": -105, "CovInterFreqA5RsrpThld2 [dBm]": -100, "IntraFreqHoA3Offset [0.5dB]": 2, "IntraFreqHoA3Hyst [0.5dB]": 2, "IntraFreqHoA3TimeToTrig": "ms320", "PCell Neighbor Cell (gNodeBID_ARFCN_PCI)": "[3279943_504990_420,3267220_504990_966,3239189_504990_362,3272070_504990_240]", "PdcchOccupiedSymbolNum": "1SYM", "Digital Azimuth": 0, "Max Transmit Power": 32, "notes": ""} [0m
2026-07-08 23:34:43,116 - root - INFO - 
[Scenario: 08e221e5-3ed8-42ed-b7b3-0fd9dfd8d99e] Investigator round 5, calling tools:
2026-07-08 23:34:44,217 - httpx - INFO - HTTP Request: POST https://api.tokenfactory.nebius.com/v1/chat/completions "HTTP/1.1 200 OK"
2026-07-08 23:34:44,218 - root - INFO - [Request tool call chatcmpl-tool-9eca57a19968de59] function get_serving_cell_rsrp(time=2024-09-20 22:21:34.362)
2026-07-08 23:34:44,218 - root - INFO - [95m[Executing tool call chatcmpl-tool-9eca57a19968de59] function get_serving_cell_rsrp(time=2024-09-20 22:21:34.362)[0m
2026-07-08 23:34:44,228 - root - INFO - [Tools API] GET /serving-cell-rsrp params={'time': '2024-09-20 22:21:34.362'}
2026-07-08 23:34:44,229 - root - INFO - [95m[Tool result] {"SS-RSRP (dBm)": -87.37} [0m
2026-07-08 23:34:44,229 - root - INFO - 
[Scenario: 08e221e5-3ed8-42ed-b7b3-0fd9dfd8d99e] Investigator round 6, calling tools:
2026-07-08 23:34:45,240 - httpx - INFO - HTTP Request: POST https://api.tokenfactory.nebius.com/v1/chat/completions "HTTP/1.1 200 OK"
2026-07-08 23:34:45,241 - root - INFO - [Request tool call chatcmpl-tool-b87f093897fba819] function get_serving_cell_sinr(time=2024-09-20 22:21:34.362)
2026-07-08 23:34:45,241 - root - INFO - [95m[Executing tool call chatcmpl-tool-b87f093897fba819] function get_serving_cell_sinr(time=2024-09-20 22:21:34.362)[0m
2026-07-08 23:34:45,248 - root - INFO - [Tools API] GET /serving-cell-sinr params={'time': '2024-09-20 22:21:34.362'}
2026-07-08 23:34:45,248 - root - INFO - [95m[Tool result] {"SS-SINR (dB)": 2.42} [0m
2026-07-08 23:34:45,248 - root - INFO - 
[Scenario: 08e221e5-3ed8-42ed-b7b3-0fd9dfd8d99e] Investigator round 7, calling tools:
2026-07-08 23:34:46,264 - httpx - INFO - HTTP Request: POST https://api.tokenfactory.nebius.com/v1/chat/completions "HTTP/1.1 200 OK"
2026-07-08 23:34:46,265 - root - INFO - [Request tool call chatcmpl-tool-827e8d73560de027] function get_neighboring_cells_pci(time=2024-09-20 22:21:34.362)
2026-07-08 23:34:46,265 - root - INFO - [95m[Executing tool call chatcmpl-tool-827e8d73560de027] function get_neighboring_cells_pci(time=2024-09-20 22:21:34.362)[0m
2026-07-08 23:34:46,272 - root - INFO - [Tools API] GET /neighboring-cells-pci params={'time': '2024-09-20 22:21:34.362'}
2026-07-08 23:34:46,272 - root - INFO - [95m[Tool result] {"PCIs": [966, 420, 362]} [0m
2026-07-08 23:34:46,272 - root - INFO - 
[Scenario: 08e221e5-3ed8-42ed-b7b3-0fd9dfd8d99e] Investigator round 8, calling tools:
2026-07-08 23:34:47,360 - httpx - INFO - HTTP Request: POST https://api.tokenfactory.nebius.com/v1/chat/completions "HTTP/1.1 200 OK"
2026-07-08 23:34:47,362 - root - INFO - [Request tool call chatcmpl-tool-8e8cab3e2cbdcbd1] function get_neighboring_cell_rsrp(time=2024-09-20 22:21:34.362, pci=966)
2026-07-08 23:34:47,362 - root - INFO - [95m[Executing tool call chatcmpl-tool-8e8cab3e2cbdcbd1] function get_neighboring_cell_rsrp(time=2024-09-20 22:21:34.362, pci=966)[0m
2026-07-08 23:34:47,371 - root - INFO - [Tools API] GET /neighboring-cell-rsrp params={'time': '2024-09-20 22:21:34.362', 'pci': 966}
2026-07-08 23:34:47,371 - root - INFO - [95m[Tool result] {"Filtered Tx BRSRP [dBm]": -86.0} [0m
2026-07-08 23:34:47,371 - root - INFO - 
[Scenario: 08e221e5-3ed8-42ed-b7b3-0fd9dfd8d99e] Investigator round 9, calling tools:
2026-07-08 23:34:48,406 - httpx - INFO - HTTP Request: POST https://api.tokenfactory.nebius.com/v1/chat/completions "HTTP/1.1 200 OK"
2026-07-08 23:34:48,408 - root - INFO - [Request tool call chatcmpl-tool-8a7aeb642f9d6f55] function get_neighboring_cell_rsrp(time=2024-09-20 22:21:34.362, pci=420)
2026-07-08 23:34:48,408 - root - INFO - [95m[Executing tool call chatcmpl-tool-8a7aeb642f9d6f55] function get_neighboring_cell_rsrp(time=2024-09-20 22:21:34.362, pci=420)[0m
2026-07-08 23:34:48,431 - root - INFO - [Tools API] GET /neighboring-cell-rsrp params={'time': '2024-09-20 22:21:34.362', 'pci': 420}
2026-07-08 23:34:48,431 - root - INFO - [95m[Tool result] {"Filtered Tx BRSRP [dBm]": -89.0} [0m
2026-07-08 23:34:48,431 - root - INFO - 
[Scenario: 08e221e5-3ed8-42ed-b7b3-0fd9dfd8d99e] Investigator round 10, calling tools:
2026-07-08 23:34:49,471 - httpx - INFO - HTTP Request: POST https://api.tokenfactory.nebius.com/v1/chat/completions "HTTP/1.1 200 OK"
2026-07-08 23:34:49,472 - root - INFO - [Request tool call chatcmpl-tool-842696c82b5ce551] function get_neighboring_cell_rsrp(time=2024-09-20 22:21:34.362, pci=362)
2026-07-08 23:34:49,472 - root - INFO - [95m[Executing tool call chatcmpl-tool-842696c82b5ce551] function get_neighboring_cell_rsrp(time=2024-09-20 22:21:34.362, pci=362)[0m
2026-07-08 23:34:49,480 - root - INFO - [Tools API] GET /neighboring-cell-rsrp params={'time': '2024-09-20 22:21:34.362', 'pci': 362}
2026-07-08 23:34:49,480 - root - INFO - [95m[Tool result] {"Filtered Tx BRSRP [dBm]": -94.0} [0m
2026-07-08 23:34:49,480 - root - INFO - 
[Scenario: 08e221e5-3ed8-42ed-b7b3-0fd9dfd8d99e] Investigator round 11, calling tools:
2026-07-08 23:34:50,074 - httpx - INFO - HTTP Request: POST https://api.tokenfactory.nebius.com/v1/chat/completions "HTTP/1.1 200 OK"
2026-07-08 23:34:50,075 - root - INFO - [Request tool call chatcmpl-tool-b6487c8ead0b2fbd] function get_cell_info(pci=966)
2026-07-08 23:34:50,075 - root - INFO - [95m[Executing tool call chatcmpl-tool-b6487c8ead0b2fbd] function get_cell_info(pci=966)[0m
2026-07-08 23:34:50,079 - root - INFO - [Tools API] GET /cell-info params={'pci': 966}
2026-07-08 23:34:50,080 - root - INFO - [95m[Tool result] {"gNodeB ID": 3267220, "Cell ID": 2, "Longitude": 121.474936591, "Latitude": 31.1449528248, "Mechanical Azimuth": 292, "Mechanical Downtilt": 1, "Digital Tilt": 3, "Height": 45.7, "Duplex Mode": "TDD", "PCI": 966, "Band": "n41", "DL ARFCN": 504990, "BW [MHz]": "100M", "TxRx Mode": "64T64R", "Transmission Power": 21, "ARFCN": 504990, "InterFreqHoEventType": "EVENT_A5", "CovInterFreqA2RsrpThld [dBm]": -105, "InterFreqA2Hyst [0.5dB]": 2, "CovInterFreqA5RsrpThld1 [dBm]": -105, "CovInterFreqA5RsrpThld2 [dBm]": -100, "IntraFreqHoA3Offset [0.5dB]": 2, "IntraFreqHoA3Hyst [0.5dB]": 2, "IntraFreqHoA3TimeToTrig": "ms320", "PCell Neighbor Cell (gNodeBID_ARFCN_PCI)": "[3279943_504990_420,3239249_504990_166,3239189_504990_362,3272070_504990_240]", "PdcchOccupiedSymbolNum": "1SYM", "Digital Azimuth": 0, "Max Transmit Power": 32, "notes": ""} [0m
2026-07-08 23:34:50,080 - root - INFO - 
[Scenario: 08e221e5-3ed8-42ed-b7b3-0fd9dfd8d99e] Investigator round 12, calling tools:
2026-07-08 23:34:50,678 - httpx - INFO - HTTP Request: POST https://api.tokenfactory.nebius.com/v1/chat/completions "HTTP/1.1 200 OK"
2026-07-08 23:34:50,679 - root - INFO - [Request tool call chatcmpl-tool-a62083cadcf38f31] function get_cell_info(pci=420)
2026-07-08 23:34:50,679 - root - INFO - [95m[Executing tool call chatcmpl-tool-a62083cadcf38f31] function get_cell_info(pci=420)[0m
2026-07-08 23:34:50,684 - root - INFO - [Tools API] GET /cell-info params={'pci': 420}
2026-07-08 23:34:50,684 - root - INFO - [95m[Tool result] {"gNodeB ID": 3279943, "Cell ID": 1, "Longitude": 121.4683960708, "Latitude": 31.1511680711, "Mechanical Azimuth": 237, "Mechanical Downtilt": 1, "Digital Tilt": 10, "Height": 35.3, "Duplex Mode": "TDD", "PCI": 420, "Band": "n41", "DL ARFCN": 504990, "BW [MHz]": "100M", "TxRx Mode": "64T64R", "Transmission Power": 18, "ARFCN": 504990, "InterFreqHoEventType": "EVENT_A5", "CovInterFreqA2RsrpThld [dBm]": -105, "InterFreqA2Hyst [0.5dB]": 2, "CovInterFreqA5RsrpThld1 [dBm]": -105, "CovInterFreqA5RsrpThld2 [dBm]": -100, "IntraFreqHoA3Offset [0.5dB]": 6, "IntraFreqHoA3Hyst [0.5dB]": 2, "IntraFreqHoA3TimeToTrig": "ms320", "PCell Neighbor Cell (gNodeBID_ARFCN_PCI)": "[3267220_504990_966,3239249_504990_166,3239189_504990_362,3272070_504990_240]", "PdcchOccupiedSymbolNum": "1SYM", "Digital Azimuth": 0, "Max Transmit Power": 32, "notes": ""} [0m
2026-07-08 23:34:50,684 - root - INFO - 
[Scenario: 08e221e5-3ed8-42ed-b7b3-0fd9dfd8d99e] Investigator round 13, calling tools:
2026-07-08 23:34:51,547 - httpx - INFO - HTTP Request: POST https://api.tokenfactory.nebius.com/v1/chat/completions "HTTP/1.1 200 OK"
2026-07-08 23:34:51,547 - root - INFO - [Request tool call chatcmpl-tool-96bb0d3cfc9e6c3a] function get_cell_info(pci=362)
2026-07-08 23:34:51,547 - root - INFO - [95m[Executing tool call chatcmpl-tool-96bb0d3cfc9e6c3a] function get_cell_info(pci=362)[0m
2026-07-08 23:34:51,552 - root - INFO - [Tools API] GET /cell-info params={'pci': 362}
2026-07-08 23:34:51,552 - root - INFO - [95m[Tool result] {"gNodeB ID": 3239189, "Cell ID": 4, "Longitude": 121.4683982125, "Latitude": 31.1469861244, "Mechanical Azimuth": 217, "Mechanical Downtilt": 10, "Digital Tilt": 2, "Height": 16.8, "Duplex Mode": "TDD", "PCI": 362, "Band": "n41", "DL ARFCN": 504990, "BW [MHz]": "100M", "TxRx Mode": "64T64R", "Transmission Power": 12, "ARFCN": 504990, "InterFreqHoEventType": "EVENT_A5", "CovInterFreqA2RsrpThld [dBm]": -105, "InterFreqA2Hyst [0.5dB]": 2, "CovInterFreqA5RsrpThld1 [dBm]": -105, "CovInterFreqA5RsrpThld2 [dBm]": -100, "IntraFreqHoA3Offset [0.5dB]": 6, "IntraFreqHoA3Hyst [0.5dB]": 2, "IntraFreqHoA3TimeToTrig": "ms320", "PCell Neighbor Cell (gNodeBID_ARFCN_PCI)": "[3279943_504990_420,3267220_504990_966,3239249_504990_166,3272070_504990_240]", "PdcchOccupiedSymbolNum": "1SYM", "Digital Azimuth": 0, "Max Transmit Power": 32, "notes": ""} [0m
2026-07-08 23:34:51,552 - root - INFO - 
[Scenario: 08e221e5-3ed8-42ed-b7b3-0fd9dfd8d99e] Investigator round 14, calling tools:
2026-07-08 23:34:52,847 - httpx - INFO - HTTP Request: POST https://api.tokenfactory.nebius.com/v1/chat/completions "HTTP/1.1 200 OK"
2026-07-08 23:34:52,848 - root - INFO - [Request tool call chatcmpl-tool-829620a1007fe9eb] function get_signaling_plane_event_log(time=2024-09-20 22:21:34.362)
2026-07-08 23:34:52,848 - root - INFO - [95m[Executing tool call chatcmpl-tool-829620a1007fe9eb] function get_signaling_plane_event_log(time=2024-09-20 22:21:34.362)[0m
2026-07-08 23:34:52,858 - root - INFO - [Tools API] GET /signaling-plane-event-log params={'time': '2024-09-20 22:21:34.362'}
2026-07-08 23:34:52,858 - root - INFO - [95m[Tool result] "Timestamp|Event Name|Event Content\n2024-09-20 22:21:31.436|NRRandomAccessAttempt|\n2024-09-20 22:21:31.452|NRRandomAccessSuc|Delay：16ms\n2024-09-20 22:21:31.556|NREventA2MeasConfig|measId:1;NR-ARFCN:504990;a2-Threshold RSRP:-105;hysteresis:1;timeToTrigger:ms320\n2024-09-20 22:21:31.556|NREventA3MeasConfig|measId:2;NR-ARFCN:504990;a3-Offset RSRP:5;hysteresis:1;timeToTrigger:ms320\n2024-09-20 22:21:34.299|NREventA3|measId:2;ServCellPCI:536;ServCellRSRP:-79;NCellPCI:556;NCellRSRP:-74\n" [0m
2026-07-08 23:34:52,858 - root - INFO - 
[Scenario: 08e221e5-3ed8-42ed-b7b3-0fd9dfd8d99e] Investigator round 15, calling tools:
2026-07-08 23:34:54,049 - httpx - INFO - HTTP Request: POST https://api.tokenfactory.nebius.com/v1/chat/completions "HTTP/1.1 200 OK"
2026-07-08 23:34:54,049 - root - INFO - [Request tool call chatcmpl-tool-81eede3818d805e4] function get_user_location(time=2024-09-20 22:21:34.362)
2026-07-08 23:34:54,049 - root - INFO - [95m[Executing tool call chatcmpl-tool-81eede3818d805e4] function get_user_location(time=2024-09-20 22:21:34.362)[0m
2026-07-08 23:34:54,056 - root - INFO - [Tools API] GET /user-location params={'time': '2024-09-20 22:21:34.362'}
2026-07-08 23:34:54,056 - root - INFO - [95m[Tool result] {"Longitude": 121.4656753664, "Latitude": 31.1446187375} [0m
2026-07-08 23:34:54,056 - root - INFO - 
[Scenario: 08e221e5-3ed8-42ed-b7b3-0fd9dfd8d99e] Investigator forcing structured evidence report:
2026-07-08 23:35:10,241 - httpx - INFO - HTTP Request: POST https://api.tokenfactory.nebius.com/v1/chat/completions "HTTP/1.1 200 OK"
2026-07-08 23:35:10,626 - httpx - INFO - HTTP Request: POST https://api.tokenfactory.nebius.com/v1/chat/completions "HTTP/1.1 200 OK"
2026-07-08 23:35:10,627 - root - INFO - [31;1m[Agent response] \boxed{C14}[0m

2026-07-08 23:35:10,627 - root - INFO - [95m
[Scenario: 08e221e5-3ed8-42ed-b7b3-0fd9dfd8d99e] Agent's answer is C14, ground truth is C2|C8|C11|C16[0m.
2026-07-08 23:35:10,627 - root - INFO - [Scenario 0cd874c0-eab3-4963-a51f-28fc5e004ed8] attempt 1/1
2026-07-08 23:35:10,637 - root - INFO - [Tools API] GET /tools params={}
2026-07-08 23:35:10,637 - root - INFO - 
[Scenario: 0cd874c0-eab3-4963-a51f-28fc5e004ed8] Investigator round 1, calling tools:
2026-07-08 23:35:12,445 - httpx - INFO - HTTP Request: POST https://api.tokenfactory.nebius.com/v1/chat/completions "HTTP/1.1 200 OK"
2026-07-08 23:35:12,446 - root - INFO - [Request tool call chatcmpl-tool-950b4a03e4a23c9f] function get_throughput_logs()
2026-07-08 23:35:12,446 - root - INFO - [95m[Executing tool call chatcmpl-tool-950b4a03e4a23c9f] function get_throughput_logs()[0m
2026-07-08 23:35:12,453 - root - INFO - [Tools API] GET /throughput-logs params={}
2026-07-08 23:35:12,453 - root - INFO - [95m[Tool result] {"Logs": "Timestamp|5G KPI PCell Layer2 MAC DL Throughput [Mbps]\n2024-09-20 22:21:31.357|466.35\n2024-09-20 22:21:32.734|569.87\n2024-09-20 22:21:33.635|410.34\n2024-09-20 22:21:34.219|70.51\n2024-09-20 22:21:35.683|51.1\n2024-09-20 22:21:36.489|89.24\n2024-09-20 22:21:37.633|65.27\n2024-09-20 22:21:38.455|79.39\n2024-09-20 22:21:39.806|53.91\n2024-09-20 22:21:40.115|426.8\n2024-09-20 22:21:41.921|431.26\n2024-09-20 22:21:42.637|471.5\n"} [0m
2026-07-08 23:35:12,453 - root - INFO - 
[Scenario: 0cd874c0-eab3-4963-a51f-28fc5e004ed8] Investigator round 2, calling tools:
2026-07-08 23:35:13,541 - httpx - INFO - HTTP Request: POST https://api.tokenfactory.nebius.com/v1/chat/completions "HTTP/1.1 200 OK"
2026-07-08 23:35:13,541 - root - INFO - [Request tool call chatcmpl-tool-97c623ef42e7ee87] function get_serving_cell_pci(time=2024-09-20 22:21:34.219)
2026-07-08 23:35:13,541 - root - INFO - [95m[Executing tool call chatcmpl-tool-97c623ef42e7ee87] function get_serving_cell_pci(time=2024-09-20 22:21:34.219)[0m
2026-07-08 23:35:13,547 - root - INFO - [Tools API] GET /serving-cell-pci params={'time': '2024-09-20 22:21:34.219'}
2026-07-08 23:35:13,548 - root - INFO - [95m[Tool result] {"PCI": 546} [0m
2026-07-08 23:35:13,548 - root - INFO - 
[Scenario: 0cd874c0-eab3-4963-a51f-28fc5e004ed8] Investigator round 3, calling tools:
2026-07-08 23:35:15,246 - httpx - INFO - HTTP Request: POST https://api.tokenfactory.nebius.com/v1/chat/completions "HTTP/1.1 200 OK"
2026-07-08 23:35:15,247 - root - INFO - [Request tool call chatcmpl-tool-b176a9da888ef9d0] function get_cell_info(pci=546)
2026-07-08 23:35:15,247 - root - INFO - [95m[Executing tool call chatcmpl-tool-b176a9da888ef9d0] function get_cell_info(pci=546)[0m
2026-07-08 23:35:15,252 - root - INFO - [Tools API] GET /cell-info params={'pci': 546}
2026-07-08 23:35:15,252 - root - INFO - [95m[Tool result] {"gNodeB ID": 3213751, "Cell ID": 2, "Longitude": 121.4736068325, "Latitude": 31.1460110535, "Mechanical Azimuth": 131, "Mechanical Downtilt": 0, "Digital Tilt": 4, "Height": 15.8, "Duplex Mode": "TDD", "PCI": 546, "Band": "n41", "DL ARFCN": 504990, "BW [MHz]": "100M", "TxRx Mode": "64T64R", "Transmission Power": 29, "ARFCN": 504990, "InterFreqHoEventType": "EVENT_A5", "CovInterFreqA2RsrpThld [dBm]": -105, "InterFreqA2Hyst [0.5dB]": 2, "CovInterFreqA5RsrpThld1 [dBm]": -105, "CovInterFreqA5RsrpThld2 [dBm]": -100, "IntraFreqHoA3Offset [0.5dB]": 6, "IntraFreqHoA3Hyst [0.5dB]": 2, "IntraFreqHoA3TimeToTrig": "ms320", "PCell Neighbor Cell (gNodeBID_ARFCN_PCI)": "[3211532_504990_344,3244912_504990_494,3274217_504990_583]", "PdcchOccupiedSymbolNum": "1SYM", "Digital Azimuth": 0, "Max Transmit Power": 32, "notes": ""} [0m
2026-07-08 23:35:15,252 - root - INFO - 
[Scenario: 0cd874c0-eab3-4963-a51f-28fc5e004ed8] Investigator round 4, calling tools:
2026-07-08 23:35:16,781 - httpx - INFO - HTTP Request: POST https://api.tokenfactory.nebius.com/v1/chat/completions "HTTP/1.1 200 OK"
2026-07-08 23:35:16,782 - root - INFO - [Request tool call chatcmpl-tool-b660fdaae7e952a1] function get_serving_cell_rsrp(time=2024-09-20 22:21:34.219)
2026-07-08 23:35:16,782 - root - INFO - [95m[Executing tool call chatcmpl-tool-b660fdaae7e952a1] function get_serving_cell_rsrp(time=2024-09-20 22:21:34.219)[0m
2026-07-08 23:35:16,789 - root - INFO - [Tools API] GET /serving-cell-rsrp params={'time': '2024-09-20 22:21:34.219'}
2026-07-08 23:35:16,789 - root - INFO - [95m[Tool result] {"SS-RSRP (dBm)": -85.83} [0m
2026-07-08 23:35:16,789 - root - INFO - 
[Scenario: 0cd874c0-eab3-4963-a51f-28fc5e004ed8] Investigator round 5, calling tools:
2026-07-08 23:35:17,999 - httpx - INFO - HTTP Request: POST https://api.tokenfactory.nebius.com/v1/chat/completions "HTTP/1.1 200 OK"
2026-07-08 23:35:18,001 - root - INFO - [Request tool call chatcmpl-tool-a14d0b12a10a2b1f] function get_serving_cell_sinr(time=2024-09-20 22:21:34.219)
2026-07-08 23:35:18,001 - root - INFO - [95m[Executing tool call chatcmpl-tool-a14d0b12a10a2b1f] function get_serving_cell_sinr(time=2024-09-20 22:21:34.219)[0m
2026-07-08 23:35:18,009 - root - INFO - [Tools API] GET /serving-cell-sinr params={'time': '2024-09-20 22:21:34.219'}
2026-07-08 23:35:18,009 - root - INFO - [95m[Tool result] {"SS-SINR (dB)": 17.78} [0m
2026-07-08 23:35:18,009 - root - INFO - 
[Scenario: 0cd874c0-eab3-4963-a51f-28fc5e004ed8] Investigator round 6, calling tools:
2026-07-08 23:35:19,240 - httpx - INFO - HTTP Request: POST https://api.tokenfactory.nebius.com/v1/chat/completions "HTTP/1.1 200 OK"
2026-07-08 23:35:19,241 - root - INFO - [Request tool call chatcmpl-tool-bb7f95da08d7d213] function get_neighboring_cells_pci(time=2024-09-20 22:21:34.219)
2026-07-08 23:35:19,241 - root - INFO - [95m[Executing tool call chatcmpl-tool-bb7f95da08d7d213] function get_neighboring_cells_pci(time=2024-09-20 22:21:34.219)[0m
2026-07-08 23:35:19,247 - root - INFO - [Tools API] GET /neighboring-cells-pci params={'time': '2024-09-20 22:21:34.219'}
2026-07-08 23:35:19,247 - root - INFO - [95m[Tool result] {"PCIs": [494, 344, 583]} [0m
2026-07-08 23:35:19,247 - root - INFO - 
[Scenario: 0cd874c0-eab3-4963-a51f-28fc5e004ed8] Investigator round 7, calling tools:
2026-07-08 23:35:20,672 - httpx - INFO - HTTP Request: POST https://api.tokenfactory.nebius.com/v1/chat/completions "HTTP/1.1 200 OK"
2026-07-08 23:35:20,673 - root - INFO - [Request tool call chatcmpl-tool-a10ac3a01d7f21bf] function get_neighboring_cell_rsrp(time=2024-09-20 22:21:34.219, pci=494)
2026-07-08 23:35:20,673 - root - INFO - [95m[Executing tool call chatcmpl-tool-a10ac3a01d7f21bf] function get_neighboring_cell_rsrp(time=2024-09-20 22:21:34.219, pci=494)[0m
2026-07-08 23:35:20,681 - root - INFO - [Tools API] GET /neighboring-cell-rsrp params={'time': '2024-09-20 22:21:34.219', 'pci': 494}
2026-07-08 23:35:20,681 - root - INFO - [95m[Tool result] {"Filtered Tx BRSRP [dBm]": -93.0} [0m
2026-07-08 23:35:20,681 - root - INFO - 
[Scenario: 0cd874c0-eab3-4963-a51f-28fc5e004ed8] Investigator round 8, calling tools:
2026-07-08 23:35:22,109 - httpx - INFO - HTTP Request: POST https://api.tokenfactory.nebius.com/v1/chat/completions "HTTP/1.1 200 OK"
2026-07-08 23:35:22,110 - root - INFO - [Request tool call chatcmpl-tool-9f7d95a1ec47b729] function get_neighboring_cell_rsrp(time=2024-09-20 22:21:34.219, pci=344)
2026-07-08 23:35:22,110 - root - INFO - [95m[Executing tool call chatcmpl-tool-9f7d95a1ec47b729] function get_neighboring_cell_rsrp(time=2024-09-20 22:21:34.219, pci=344)[0m
2026-07-08 23:35:22,123 - root - INFO - [Tools API] GET /neighboring-cell-rsrp params={'time': '2024-09-20 22:21:34.219', 'pci': 344}
2026-07-08 23:35:22,123 - root - INFO - [95m[Tool result] {"Filtered Tx BRSRP [dBm]": -97.0} [0m
2026-07-08 23:35:22,123 - root - INFO - 
[Scenario: 0cd874c0-eab3-4963-a51f-28fc5e004ed8] Investigator round 9, calling tools:
2026-07-08 23:35:25,549 - httpx - INFO - HTTP Request: POST https://api.tokenfactory.nebius.com/v1/chat/completions "HTTP/1.1 200 OK"
2026-07-08 23:35:25,549 - root - INFO - [Request tool call chatcmpl-tool-a78a26bb35f8a08d] function get_neighboring_cell_rsrp(time=2024-09-20 22:21:34.219, pci=583)
2026-07-08 23:35:25,549 - root - INFO - [95m[Executing tool call chatcmpl-tool-a78a26bb35f8a08d] function get_neighboring_cell_rsrp(time=2024-09-20 22:21:34.219, pci=583)[0m
2026-07-08 23:35:25,558 - root - INFO - [Tools API] GET /neighboring-cell-rsrp params={'time': '2024-09-20 22:21:34.219', 'pci': 583}
2026-07-08 23:35:25,558 - root - INFO - [95m[Tool result] {"Filtered Tx BRSRP [dBm]": -102.0} [0m
2026-07-08 23:35:25,558 - root - INFO - 
[Scenario: 0cd874c0-eab3-4963-a51f-28fc5e004ed8] Investigator round 10, calling tools:
2026-07-08 23:35:27,427 - httpx - INFO - HTTP Request: POST https://api.tokenfactory.nebius.com/v1/chat/completions "HTTP/1.1 200 OK"
2026-07-08 23:35:27,428 - root - INFO - [Request tool call chatcmpl-tool-b8cdb95571d04fa1] function get_rbs_allocated_to_user(time=2024-09-20 22:21:34.219)
2026-07-08 23:35:27,428 - root - INFO - [95m[Executing tool call chatcmpl-tool-b8cdb95571d04fa1] function get_rbs_allocated_to_user(time=2024-09-20 22:21:34.219)[0m
2026-07-08 23:35:27,434 - root - INFO - [Tools API] GET /rbs-allocated-to-user params={'time': '2024-09-20 22:21:34.219'}
2026-07-08 23:35:27,434 - root - INFO - [95m[Tool result] {"RBs": 266.0} [0m
2026-07-08 23:35:27,435 - root - INFO - 
[Scenario: 0cd874c0-eab3-4963-a51f-28fc5e004ed8] Investigator round 11, calling tools:
2026-07-08 23:35:28,864 - httpx - INFO - HTTP Request: POST https://api.tokenfactory.nebius.com/v1/chat/completions "HTTP/1.1 200 OK"
2026-07-08 23:35:28,865 - root - INFO - [Request tool call chatcmpl-tool-89349199606d9275] function get_signaling_plane_event_log(time=2024-09-20 22:21:34.219)
2026-07-08 23:35:28,865 - root - INFO - [95m[Executing tool call chatcmpl-tool-89349199606d9275] function get_signaling_plane_event_log(time=2024-09-20 22:21:34.219)[0m
2026-07-08 23:35:28,871 - root - INFO - [Tools API] GET /signaling-plane-event-log params={'time': '2024-09-20 22:21:34.219'}
2026-07-08 23:35:28,871 - root - INFO - [95m[Tool result] "Timestamp|Event Name|Event Content\n2024-09-20 22:21:31.166|NRRandomAccessAttempt|\n2024-09-20 22:21:31.182|NRRandomAccessSuc|Delay：16ms\n2024-09-20 22:21:31.292|NREventA2MeasConfig|measId:1;NR-ARFCN:504990;a2-Threshold RSRP:-105;hysteresis:1;timeToTrigger:ms320\n2024-09-20 22:21:31.292|NREventA3MeasConfig|measId:2;NR-ARFCN:504990;a3-Offset RSRP:5;hysteresis:1;timeToTrigger:ms320\n" [0m
2026-07-08 23:35:28,871 - root - INFO - 
[Scenario: 0cd874c0-eab3-4963-a51f-28fc5e004ed8] Investigator round 12, calling tools:
2026-07-08 23:35:30,093 - httpx - INFO - HTTP Request: POST https://api.tokenfactory.nebius.com/v1/chat/completions "HTTP/1.1 200 OK"
2026-07-08 23:35:30,093 - root - INFO - [Request tool call chatcmpl-tool-92c646725d4e8fe8] function get_user_location(time=2024-09-20 22:21:34.219)
2026-07-08 23:35:30,093 - root - INFO - [95m[Executing tool call chatcmpl-tool-92c646725d4e8fe8] function get_user_location(time=2024-09-20 22:21:34.219)[0m
2026-07-08 23:35:30,099 - root - INFO - [Tools API] GET /user-location params={'time': '2024-09-20 22:21:34.219'}
2026-07-08 23:35:30,100 - root - INFO - [95m[Tool result] {"Longitude": 121.4656596293, "Latitude": 31.1446340899} [0m
2026-07-08 23:35:30,100 - root - INFO - 
[Scenario: 0cd874c0-eab3-4963-a51f-28fc5e004ed8] Investigator round 13, calling tools:
2026-07-08 23:35:30,884 - httpx - INFO - HTTP Request: POST https://api.tokenfactory.nebius.com/v1/chat/completions "HTTP/1.1 200 OK"
2026-07-08 23:35:30,884 - root - INFO - [Request tool call chatcmpl-tool-a963f67c563f3572] function get_gnodeb_location(pci=546)
2026-07-08 23:35:30,884 - root - INFO - [95m[Executing tool call chatcmpl-tool-a963f67c563f3572] function get_gnodeb_location(pci=546)[0m
2026-07-08 23:35:30,889 - root - INFO - [Tools API] GET /gnodeb-location params={'pci': 546}
2026-07-08 23:35:30,889 - root - INFO - [95m[Tool result] {"Longitude": 121.4736068325, "Latitude": 31.1460110535} [0m
2026-07-08 23:35:30,890 - root - INFO - 
[Scenario: 0cd874c0-eab3-4963-a51f-28fc5e004ed8] Investigator round 14, calling tools:
2026-07-08 23:35:31,629 - httpx - INFO - HTTP Request: POST https://api.tokenfactory.nebius.com/v1/chat/completions "HTTP/1.1 200 OK"
2026-07-08 23:35:31,630 - root - INFO - [Request tool call chatcmpl-tool-b49798a3516d436d] function get_gnodeb_location(pci=494)
2026-07-08 23:35:31,630 - root - INFO - [95m[Executing tool call chatcmpl-tool-b49798a3516d436d] function get_gnodeb_location(pci=494)[0m
2026-07-08 23:35:31,634 - root - INFO - [Tools API] GET /gnodeb-location params={'pci': 494}
2026-07-08 23:35:31,634 - root - INFO - [95m[Tool result] {"Longitude": 121.4752629661, "Latitude": 31.1505829287} [0m
2026-07-08 23:35:31,635 - root - INFO - 
[Scenario: 0cd874c0-eab3-4963-a51f-28fc5e004ed8] Investigator round 15, calling tools:
2026-07-08 23:35:32,371 - httpx - INFO - HTTP Request: POST https://api.tokenfactory.nebius.com/v1/chat/completions "HTTP/1.1 200 OK"
2026-07-08 23:35:32,372 - root - INFO - [Request tool call chatcmpl-tool-b2d4cc91168ed0e5] function get_gnodeb_location(pci=344)
2026-07-08 23:35:32,373 - root - INFO - [95m[Executing tool call chatcmpl-tool-b2d4cc91168ed0e5] function get_gnodeb_location(pci=344)[0m
2026-07-08 23:35:32,386 - root - INFO - [Tools API] GET /gnodeb-location params={'pci': 344}
2026-07-08 23:35:32,387 - root - INFO - [95m[Tool result] {"Longitude": 121.4720425044, "Latitude": 31.1535240093} [0m
2026-07-08 23:35:32,387 - root - INFO - 
[Scenario: 0cd874c0-eab3-4963-a51f-28fc5e004ed8] Investigator forcing structured evidence report:
2026-07-08 23:35:45,148 - httpx - INFO - HTTP Request: POST https://api.tokenfactory.nebius.com/v1/chat/completions "HTTP/1.1 200 OK"
2026-07-08 23:35:45,456 - httpx - INFO - HTTP Request: POST https://api.tokenfactory.nebius.com/v1/chat/completions "HTTP/1.1 200 OK"
2026-07-08 23:35:45,456 - root - INFO - [31;1m[Agent response] \boxed{C1}[0m

2026-07-08 23:35:45,456 - root - INFO - [95m
[Scenario: 0cd874c0-eab3-4963-a51f-28fc5e004ed8] Agent's answer is C1, ground truth is C9[0m.
2026-07-08 23:35:45,457 - root - INFO - [Scenario ac53a506-f1dd-404f-bb93-1ffb337ce0e6] attempt 1/1
2026-07-08 23:35:45,459 - root - INFO - [Tools API] GET /tools params={}
2026-07-08 23:35:45,460 - root - INFO - 
[Scenario: ac53a506-f1dd-404f-bb93-1ffb337ce0e6] Investigator round 1, calling tools:
2026-07-08 23:35:46,072 - httpx - INFO - HTTP Request: POST https://api.tokenfactory.nebius.com/v1/chat/completions "HTTP/1.1 200 OK"
2026-07-08 23:35:46,073 - root - INFO - [Request tool call chatcmpl-tool-8999744cf3e50807] function get_throughput_logs()
2026-07-08 23:35:46,073 - root - INFO - [95m[Executing tool call chatcmpl-tool-8999744cf3e50807] function get_throughput_logs()[0m
2026-07-08 23:35:46,078 - root - INFO - [Tools API] GET /throughput-logs params={}
2026-07-08 23:35:46,078 - root - INFO - [95m[Tool result] {"Logs": "Timestamp|5G KPI PCell Layer2 MAC DL Throughput [Mbps]\n2024-09-20 22:21:31.523|549.92\n2024-09-20 22:21:32.397|354.51\n2024-09-20 22:21:33.333|405.21\n2024-09-20 22:21:34.197|75.01\n2024-09-20 22:21:35.155|26.45\n2024-09-20 22:21:36.377|51.69\n2024-09-20 22:21:37.734|25.17\n2024-09-20 22:21:38.508|45.08\n2024-09-20 22:21:39.455|185.6\n2024-09-20 22:21:40.675|488.22\n2024-09-20 22:21:41.159|480.02\n2024-09-20 22:21:42.335|314.56\n"} [0m
2026-07-08 23:35:46,078 - root - INFO - 
[Scenario: ac53a506-f1dd-404f-bb93-1ffb337ce0e6] Investigator round 2, calling tools:
2026-07-08 23:35:47,195 - httpx - INFO - HTTP Request: POST https://api.tokenfactory.nebius.com/v1/chat/completions "HTTP/1.1 200 OK"
2026-07-08 23:35:47,196 - root - INFO - [Request tool call chatcmpl-tool-b66b71c9518df199] function get_user_location(time=2024-09-20 22:21:34.197)
2026-07-08 23:35:47,196 - root - INFO - [95m[Executing tool call chatcmpl-tool-b66b71c9518df199] function get_user_location(time=2024-09-20 22:21:34.197)[0m
2026-07-08 23:35:47,202 - root - INFO - [Tools API] GET /user-location params={'time': '2024-09-20 22:21:34.197'}
2026-07-08 23:35:47,202 - root - INFO - [95m[Tool result] {"Longitude": 121.465671513, "Latitude": 31.1446378787} [0m
2026-07-08 23:35:47,202 - root - INFO - 
[Scenario: ac53a506-f1dd-404f-bb93-1ffb337ce0e6] Investigator round 3, calling tools:
2026-07-08 23:35:48,202 - httpx - INFO - HTTP Request: POST https://api.tokenfactory.nebius.com/v1/chat/completions "HTTP/1.1 200 OK"
2026-07-08 23:35:48,203 - root - INFO - [Request tool call chatcmpl-tool-9b9ff7febf0fadf8] function get_serving_cell_pci(time=2024-09-20 22:21:34.197)
2026-07-08 23:35:48,203 - root - INFO - [95m[Executing tool call chatcmpl-tool-9b9ff7febf0fadf8] function get_serving_cell_pci(time=2024-09-20 22:21:34.197)[0m
2026-07-08 23:35:48,209 - root - INFO - [Tools API] GET /serving-cell-pci params={'time': '2024-09-20 22:21:34.197'}
2026-07-08 23:35:48,209 - root - INFO - [95m[Tool result] {"PCI": 156} [0m
2026-07-08 23:35:48,209 - root - INFO - 
[Scenario: ac53a506-f1dd-404f-bb93-1ffb337ce0e6] Investigator round 4, calling tools:
2026-07-08 23:35:48,846 - httpx - INFO - HTTP Request: POST https://api.tokenfactory.nebius.com/v1/chat/completions "HTTP/1.1 200 OK"
2026-07-08 23:35:48,848 - root - INFO - [Request tool call chatcmpl-tool-891de025bf8acd4c] function get_cell_info(pci=156)
2026-07-08 23:35:48,848 - root - INFO - [95m[Executing tool call chatcmpl-tool-891de025bf8acd4c] function get_cell_info(pci=156)[0m
2026-07-08 23:35:48,853 - root - INFO - [Tools API] GET /cell-info params={'pci': 156}
2026-07-08 23:35:48,854 - root - INFO - [95m[Tool result] {"gNodeB ID": 3213863, "Cell ID": 2, "Longitude": 121.4665584695, "Latitude": 31.1449241774, "Mechanical Azimuth": 33, "Mechanical Downtilt": 6, "Digital Tilt": 3, "Height": 39.1, "Duplex Mode": "TDD", "PCI": 156, "Band": "n41", "DL ARFCN": 504990, "BW [MHz]": "100M", "TxRx Mode": "64T64R", "Transmission Power": 26, "ARFCN": 504990, "InterFreqHoEventType": "EVENT_A5", "CovInterFreqA2RsrpThld [dBm]": -105, "InterFreqA2Hyst [0.5dB]": 2, "CovInterFreqA5RsrpThld1 [dBm]": -105, "CovInterFreqA5RsrpThld2 [dBm]": -100, "IntraFreqHoA3Offset [0.5dB]": 10, "IntraFreqHoA3Hyst [0.5dB]": 2, "IntraFreqHoA3TimeToTrig": "ms320", "PCell Neighbor Cell (gNodeBID_ARFCN_PCI)": "[3254533_504990_176,3278143_504990_352,3211229_504990_236]", "PdcchOccupiedSymbolNum": "1SYM", "Digital Azimuth": 0, "Max Transmit Power": 32, "notes": ""} [0m
2026-07-08 23:35:48,854 - root - INFO - 
[Scenario: ac53a506-f1dd-404f-bb93-1ffb337ce0e6] Investigator round 5, calling tools:
2026-07-08 23:35:49,764 - httpx - INFO - HTTP Request: POST https://api.tokenfactory.nebius.com/v1/chat/completions "HTTP/1.1 200 OK"
2026-07-08 23:35:49,765 - root - INFO - [Request tool call chatcmpl-tool-8ecac5b4fa56282d] function get_serving_cell_rsrp(time=2024-09-20 22:21:34.197)
2026-07-08 23:35:49,765 - root - INFO - [95m[Executing tool call chatcmpl-tool-8ecac5b4fa56282d] function get_serving_cell_rsrp(time=2024-09-20 22:21:34.197)[0m
2026-07-08 23:35:49,772 - root - INFO - [Tools API] GET /serving-cell-rsrp params={'time': '2024-09-20 22:21:34.197'}
2026-07-08 23:35:49,773 - root - INFO - [95m[Tool result] {"SS-RSRP (dBm)": -84.73} [0m
2026-07-08 23:35:49,773 - root - INFO - 
[Scenario: ac53a506-f1dd-404f-bb93-1ffb337ce0e6] Investigator round 6, calling tools:
2026-07-08 23:35:50,873 - httpx - INFO - HTTP Request: POST https://api.tokenfactory.nebius.com/v1/chat/completions "HTTP/1.1 200 OK"
2026-07-08 23:35:50,875 - root - INFO - [Request tool call chatcmpl-tool-8cb961d0aef0d4d0] function get_serving_cell_sinr(time=2024-09-20 22:21:34.197)
2026-07-08 23:35:50,875 - root - INFO - [95m[Executing tool call chatcmpl-tool-8cb961d0aef0d4d0] function get_serving_cell_sinr(time=2024-09-20 22:21:34.197)[0m
2026-07-08 23:35:50,881 - root - INFO - [Tools API] GET /serving-cell-sinr params={'time': '2024-09-20 22:21:34.197'}
2026-07-08 23:35:50,882 - root - INFO - [95m[Tool result] {"SS-SINR (dB)": -2.82} [0m
2026-07-08 23:35:50,882 - root - INFO - 
[Scenario: ac53a506-f1dd-404f-bb93-1ffb337ce0e6] Investigator round 7, calling tools:
2026-07-08 23:35:51,804 - httpx - INFO - HTTP Request: POST https://api.tokenfactory.nebius.com/v1/chat/completions "HTTP/1.1 200 OK"
2026-07-08 23:35:51,805 - root - INFO - [Request tool call chatcmpl-tool-93682e55edbddfe1] function get_neighboring_cells_pci(time=2024-09-20 22:21:34.197)
2026-07-08 23:35:51,805 - root - INFO - [95m[Executing tool call chatcmpl-tool-93682e55edbddfe1] function get_neighboring_cells_pci(time=2024-09-20 22:21:34.197)[0m
2026-07-08 23:35:51,811 - root - INFO - [Tools API] GET /neighboring-cells-pci params={'time': '2024-09-20 22:21:34.197'}
2026-07-08 23:35:51,811 - root - INFO - [95m[Tool result] {"PCIs": [236, 176, 352]} [0m
2026-07-08 23:35:51,811 - root - INFO - 
[Scenario: ac53a506-f1dd-404f-bb93-1ffb337ce0e6] Investigator round 8, calling tools:
2026-07-08 23:35:52,930 - httpx - INFO - HTTP Request: POST https://api.tokenfactory.nebius.com/v1/chat/completions "HTTP/1.1 200 OK"
2026-07-08 23:35:52,932 - root - INFO - [Request tool call chatcmpl-tool-ae0227057c732a1d] function get_neighboring_cell_rsrp(time=2024-09-20 22:21:34.197, pci=236)
2026-07-08 23:35:52,932 - root - INFO - [95m[Executing tool call chatcmpl-tool-ae0227057c732a1d] function get_neighboring_cell_rsrp(time=2024-09-20 22:21:34.197, pci=236)[0m
2026-07-08 23:35:52,949 - root - INFO - [Tools API] GET /neighboring-cell-rsrp params={'time': '2024-09-20 22:21:34.197', 'pci': 236}
2026-07-08 23:35:52,950 - root - INFO - [95m[Tool result] {"Filtered Tx BRSRP [dBm]": -79.0} [0m
2026-07-08 23:35:52,950 - root - INFO - 
[Scenario: ac53a506-f1dd-404f-bb93-1ffb337ce0e6] Investigator round 9, calling tools:
2026-07-08 23:35:53,543 - httpx - INFO - HTTP Request: POST https://api.tokenfactory.nebius.com/v1/chat/completions "HTTP/1.1 200 OK"
2026-07-08 23:35:53,544 - root - INFO - [Request tool call chatcmpl-tool-89b1ba49aea1509a] function get_cell_info(pci=236)
2026-07-08 23:35:53,544 - root - INFO - [95m[Executing tool call chatcmpl-tool-89b1ba49aea1509a] function get_cell_info(pci=236)[0m
2026-07-08 23:35:53,551 - root - INFO - [Tools API] GET /cell-info params={'pci': 236}
2026-07-08 23:35:53,551 - root - INFO - [95m[Tool result] {"gNodeB ID": 3211229, "Cell ID": 4, "Longitude": 121.4657129346, "Latitude": 31.1547560133, "Mechanical Azimuth": 98, "Mechanical Downtilt": 13, "Digital Tilt": 3, "Height": 49.4, "Duplex Mode": "TDD", "PCI": 236, "Band": "n41", "DL ARFCN": 504990, "BW [MHz]": "100M", "TxRx Mode": "64T64R", "Transmission Power": 18, "ARFCN": 504990, "InterFreqHoEventType": "EVENT_A5", "CovInterFreqA2RsrpThld [dBm]": -105, "InterFreqA2Hyst [0.5dB]": 2, "CovInterFreqA5RsrpThld1 [dBm]": -105, "CovInterFreqA5RsrpThld2 [dBm]": -100, "IntraFreqHoA3Offset [0.5dB]": 6, "IntraFreqHoA3Hyst [0.5dB]": 2, "IntraFreqHoA3TimeToTrig": "ms320", "PCell Neighbor Cell (gNodeBID_ARFCN_PCI)": "[3254533_504990_176,3213863_504990_156,3278143_504990_352]", "PdcchOccupiedSymbolNum": "1SYM", "Digital Azimuth": 0, "Max Transmit Power": 32, "notes": ""} [0m
2026-07-08 23:35:53,551 - root - INFO - 
[Scenario: ac53a506-f1dd-404f-bb93-1ffb337ce0e6] Investigator round 10, calling tools:
2026-07-08 23:36:03,491 - httpx - INFO - HTTP Request: POST https://api.tokenfactory.nebius.com/v1/chat/completions "HTTP/1.1 200 OK"
2026-07-08 23:36:03,492 - root - INFO - [Request tool call chatcmpl-tool-9352356b715b9363] function get_serving_cell_rsrp(time=2024-09-20 22:21:34.197)
2026-07-08 23:36:03,492 - root - INFO - [95m[Executing tool call chatcmpl-tool-9352356b715b9363] function get_serving_cell_rsrp(time=2024-09-20 22:21:34.197)[0m
2026-07-08 23:36:03,498 - root - INFO - [Tools API] GET /serving-cell-rsrp params={'time': '2024-09-20 22:21:34.197'}
2026-07-08 23:36:03,498 - root - INFO - [95m[Tool result] {"SS-RSRP (dBm)": -84.73} [0m
2026-07-08 23:36:03,498 - root - INFO - 
[Scenario: ac53a506-f1dd-404f-bb93-1ffb337ce0e6] Investigator round 11, calling tools:
2026-07-08 23:36:04,604 - httpx - INFO - HTTP Request: POST https://api.tokenfactory.nebius.com/v1/chat/completions "HTTP/1.1 200 OK"
2026-07-08 23:36:04,605 - root - INFO - [Request tool call chatcmpl-tool-9eb508fa5c2b1d65] function get_neighboring_cell_rsrp(time=2024-09-20 22:21:34.197, pci=176)
2026-07-08 23:36:04,605 - root - INFO - [95m[Executing tool call chatcmpl-tool-9eb508fa5c2b1d65] function get_neighboring_cell_rsrp(time=2024-09-20 22:21:34.197, pci=176)[0m
2026-07-08 23:36:04,614 - root - INFO - [Tools API] GET /neighboring-cell-rsrp params={'time': '2024-09-20 22:21:34.197', 'pci': 176}
2026-07-08 23:36:04,614 - root - INFO - [95m[Tool result] {"Filtered Tx BRSRP [dBm]": -86.0} [0m
2026-07-08 23:36:04,614 - root - INFO - 
[Scenario: ac53a506-f1dd-404f-bb93-1ffb337ce0e6] Investigator round 12, calling tools:
2026-07-08 23:36:05,904 - httpx - INFO - HTTP Request: POST https://api.tokenfactory.nebius.com/v1/chat/completions "HTTP/1.1 200 OK"
2026-07-08 23:36:05,904 - root - INFO - [Request tool call chatcmpl-tool-95d944c1cc8dd839] function get_neighboring_cell_rsrp(time=2024-09-20 22:21:34.197, pci=352)
2026-07-08 23:36:05,904 - root - INFO - [95m[Executing tool call chatcmpl-tool-95d944c1cc8dd839] function get_neighboring_cell_rsrp(time=2024-09-20 22:21:34.197, pci=352)[0m
2026-07-08 23:36:05,912 - root - INFO - [Tools API] GET /neighboring-cell-rsrp params={'time': '2024-09-20 22:21:34.197', 'pci': 352}
2026-07-08 23:36:05,912 - root - INFO - [95m[Tool result] {"Filtered Tx BRSRP [dBm]": -87.0} [0m
2026-07-08 23:36:05,912 - root - INFO - 
[Scenario: ac53a506-f1dd-404f-bb93-1ffb337ce0e6] Investigator round 13, calling tools:
2026-07-08 23:36:07,164 - httpx - INFO - HTTP Request: POST https://api.tokenfactory.nebius.com/v1/chat/completions "HTTP/1.1 200 OK"
2026-07-08 23:36:07,165 - root - INFO - [Request tool call chatcmpl-tool-98b2403e0a1ec655] function get_signaling_plane_event_log(time=2024-09-20 22:21:34.197)
2026-07-08 23:36:07,165 - root - INFO - [95m[Executing tool call chatcmpl-tool-98b2403e0a1ec655] function get_signaling_plane_event_log(time=2024-09-20 22:21:34.197)[0m
2026-07-08 23:36:07,171 - root - INFO - [Tools API] GET /signaling-plane-event-log params={'time': '2024-09-20 22:21:34.197'}
2026-07-08 23:36:07,171 - root - INFO - [95m[Tool result] "Timestamp|Event Name|Event Content\n2024-09-20 22:21:31.185|NRRandomAccessAttempt|\n2024-09-20 22:21:31.200|NRRandomAccessSuc|Delay：15ms\n2024-09-20 22:21:31.344|NREventA2MeasConfig|measId:1;NR-ARFCN:504990;a2-Threshold RSRP:-105;hysteresis:1;timeToTrigger:ms320\n2024-09-20 22:21:31.344|NREventA3MeasConfig|measId:2;NR-ARFCN:504990;a3-Offset RSRP:5;hysteresis:1;timeToTrigger:ms320\n" [0m
2026-07-08 23:36:07,171 - root - INFO - 
[Scenario: ac53a506-f1dd-404f-bb93-1ffb337ce0e6] Investigator round 14, calling tools:
2026-07-08 23:36:07,609 - httpx - INFO - HTTP Request: POST https://api.tokenfactory.nebius.com/v1/chat/completions "HTTP/1.1 200 OK"
2026-07-08 23:36:07,610 - root - INFO - [Request tool call chatcmpl-tool-bb3dae6b2f06bc9e] function get_kpi_data()
2026-07-08 23:36:07,610 - root - INFO - [95m[Executing tool call chatcmpl-tool-bb3dae6b2f06bc9e] function get_kpi_data()[0m
2026-07-08 23:36:07,613 - root - INFO - [Tools API] GET /get_kpi_data params={}
2026-07-08 23:36:07,613 - root - INFO - [95m[Tool result] {"Traffic Data": "Day\\Hour|gNodeB_ID|Cell_ID|Uplink PRB utilization(%)|Downlink PRB utilization(%)|Uplink PRB Interference(dBm)|User Uplink Throughput(Mbps)|User Downlink Throughput(Mbps)|Downlink Weak Coversge Ratio|TA>1KM Ratio|Uplink CCE utilization(%)|Downlink CCE utilization(%)|Uplink CCE Allocation Success Rate(%)|Downlink CCE Allocation Success Rate(%)\r\n2024_09_20 22:00|3254533|1|17.3244|7.7626|-116.6513|11.5149|161.2718|0.0008|0.0120|0.1307|0.0678|97.699|97.359\r\n2024_09_20 22:00|3213863|2|14.9181|19.4642|-116.5173|16.6615|81.8725|0.0130|0.1707|0.1425|0.0892|94.310|93.334\r\n2024_09_20 22:00|3278143|3|8.1420|11.5032|-116.5785|5.1629|158.9610|0.0106|0.0101|0.2243|0.1188|91.440|96.371\r\n2024_09_20 22:00|3211229|4|16.5397|13.9408|-115.9763|8.2821|127.6811|0.0150|0.0157|0.2991|0.2344|97.301|91.851\r\n"} [0m
2026-07-08 23:36:07,613 - root - INFO - 
[Scenario: ac53a506-f1dd-404f-bb93-1ffb337ce0e6] Investigator round 15, calling tools:
2026-07-08 23:36:08,289 - httpx - INFO - HTTP Request: POST https://api.tokenfactory.nebius.com/v1/chat/completions "HTTP/1.1 200 OK"
2026-07-08 23:36:08,290 - root - INFO - [Request tool call chatcmpl-tool-b63d193c634e657d] function get_mr_data()
2026-07-08 23:36:08,290 - root - INFO - [95m[Executing tool call chatcmpl-tool-b63d193c634e657d] function get_mr_data()[0m
2026-07-08 23:36:08,292 - root - INFO - [Tools API] GET /get_mr_data params={}
2026-07-08 23:36:08,293 - root - INFO - [95m[Tool result] {"MR Data": "Call_ID|Serving ARFCN|Serving PCI|Serving RSRP(dBm)|Neighbor 1 ARFCN|Neighbor 1 PCI|Neighbor 1 RSRP(dBm)|Neighbor 2 ARFCN|Neighbor 2 PCI|Neighbor 2 RSRP(dBm)|Neighbor 3 ARFCN|Neighbor 3 PCI|Neighbor 3 RSRP(dBm)|Throughput(Mbps)\r\nMR_1774413529_0E2794AF|504990|236|-78.3|504990|156|-82.9|504990|176|-84.5|504990|352|-87.5|284.0\r\nMR_1774413529_2574F88D|504990|156|-84.1|504990|236|-80.8|504990|176|-86.2|504990|352|-86.8|70.2\r\nMR_1774413529_C2A70A13|504990|156|-85.8|504990|236|-78.9|504990|176|-85.5|504990|352|-87.3|23.8\r\nMR_1774413529_D249F2C2|504990|156|-85.1|504990|236|-77.6|504990|176|-85.4|504990|352|-87.6|16.2\r\nMR_1774413529_674EBACA|504990|236|-79.8|504990|156|-85.5|504990|176|-84.1|504990|352|-85.8|170.9\r\nMR_1774413529_EDA94563|504990|236|-80.8|504990|156|-85.3|504990|176|-87.2|504990|352|-85.9|82.2\r\nMR_1774413529_D92E36EB|504990|236|-78.4|504990|156|-83.4|504990|176|-86.4|504990|352|-88.1|189.1\r\n"} [0m
2026-07-08 23:36:08,293 - root - INFO - 
[Scenario: ac53a506-f1dd-404f-bb93-1ffb337ce0e6] Investigator forcing structured evidence report:
2026-07-08 23:36:23,242 - httpx - INFO - HTTP Request: POST https://api.tokenfactory.nebius.com/v1/chat/completions "HTTP/1.1 200 OK"
2026-07-08 23:36:23,649 - httpx - INFO - HTTP Request: POST https://api.tokenfactory.nebius.com/v1/chat/completions "HTTP/1.1 200 OK"
2026-07-08 23:36:23,650 - root - INFO - [31;1m[Agent response] \boxed{C16}[0m

2026-07-08 23:36:23,650 - root - INFO - [95m
[Scenario: ac53a506-f1dd-404f-bb93-1ffb337ce0e6] Agent's answer is C16, ground truth is C16[0m.
2026-07-08 23:36:23,650 - root - INFO - [Scenario 39bb305f-5d41-4b58-8e88-c69023dc7ebc] attempt 1/1
2026-07-08 23:36:23,653 - root - INFO - [Tools API] GET /tools params={}
2026-07-08 23:36:23,653 - root - INFO - 
[Scenario: 39bb305f-5d41-4b58-8e88-c69023dc7ebc] Investigator round 1, calling tools:
2026-07-08 23:36:24,366 - httpx - INFO - HTTP Request: POST https://api.tokenfactory.nebius.com/v1/chat/completions "HTTP/1.1 200 OK"
2026-07-08 23:36:24,367 - root - INFO - [Request tool call chatcmpl-tool-8e67d0d0dcad9868] function get_throughput_logs()
2026-07-08 23:36:24,367 - root - INFO - [95m[Executing tool call chatcmpl-tool-8e67d0d0dcad9868] function get_throughput_logs()[0m
2026-07-08 23:36:24,372 - root - INFO - [Tools API] GET /throughput-logs params={}
2026-07-08 23:36:24,372 - root - INFO - [95m[Tool result] {"Logs": "Timestamp|5G KPI PCell Layer2 MAC DL Throughput [Mbps]\n2024-09-20 22:21:31.495|310.1\n2024-09-20 22:21:32.415|340.22\n2024-09-20 22:21:33.938|462.63\n2024-09-20 22:21:34.792|98.39\n2024-09-20 22:21:35.599|60.37\n2024-09-20 22:21:36.497|64.86\n2024-09-20 22:21:37.793|87.0\n2024-09-20 22:21:38.476|60.28\n2024-09-20 22:21:39.930|90.32\n2024-09-20 22:21:40.641|357.3\n2024-09-20 22:21:41.682|301.1\n2024-09-20 22:21:42.552|501.94\n"} [0m
2026-07-08 23:36:24,372 - root - INFO - 
[Scenario: 39bb305f-5d41-4b58-8e88-c69023dc7ebc] Investigator round 2, calling tools:
2026-07-08 23:36:25,506 - httpx - INFO - HTTP Request: POST https://api.tokenfactory.nebius.com/v1/chat/completions "HTTP/1.1 200 OK"
2026-07-08 23:36:25,507 - root - INFO - [Request tool call chatcmpl-tool-9e29b305859fb13d] function get_user_location(time=2024-09-20 22:21:34.792)
2026-07-08 23:36:25,507 - root - INFO - [95m[Executing tool call chatcmpl-tool-9e29b305859fb13d] function get_user_location(time=2024-09-20 22:21:34.792)[0m
2026-07-08 23:36:25,513 - root - INFO - [Tools API] GET /user-location params={'time': '2024-09-20 22:21:34.792'}
2026-07-08 23:36:25,514 - root - INFO - [95m[Tool result] {"Longitude": 121.4656623849, "Latitude": 31.1446283336} [0m
2026-07-08 23:36:25,514 - root - INFO - 
[Scenario: 39bb305f-5d41-4b58-8e88-c69023dc7ebc] Investigator round 3, calling tools:
2026-07-08 23:36:26,825 - httpx - INFO - HTTP Request: POST https://api.tokenfactory.nebius.com/v1/chat/completions "HTTP/1.1 200 OK"
2026-07-08 23:36:26,825 - root - INFO - [Request tool call chatcmpl-tool-bce49839df26e6bf] function get_serving_cell_pci(time=2024-09-20 22:21:34.792)
2026-07-08 23:36:26,825 - root - INFO - [95m[Executing tool call chatcmpl-tool-bce49839df26e6bf] function get_serving_cell_pci(time=2024-09-20 22:21:34.792)[0m
2026-07-08 23:36:26,831 - root - INFO - [Tools API] GET /serving-cell-pci params={'time': '2024-09-20 22:21:34.792'}
2026-07-08 23:36:26,832 - root - INFO - [95m[Tool result] {"PCI": 588} [0m
2026-07-08 23:36:26,832 - root - INFO - 
[Scenario: 39bb305f-5d41-4b58-8e88-c69023dc7ebc] Investigator round 4, calling tools:
2026-07-08 23:36:27,439 - httpx - INFO - HTTP Request: POST https://api.tokenfactory.nebius.com/v1/chat/completions "HTTP/1.1 200 OK"
2026-07-08 23:36:27,440 - root - INFO - [Request tool call chatcmpl-tool-b0270bbae7dccb55] function get_cell_info(pci=588)
2026-07-08 23:36:27,440 - root - INFO - [95m[Executing tool call chatcmpl-tool-b0270bbae7dccb55] function get_cell_info(pci=588)[0m
2026-07-08 23:36:27,445 - root - INFO - [Tools API] GET /cell-info params={'pci': 588}
2026-07-08 23:36:27,445 - root - INFO - [95m[Tool result] {"gNodeB ID": 3244278, "Cell ID": 4, "Longitude": 121.4750467151, "Latitude": 31.1509168782, "Mechanical Azimuth": 272, "Mechanical Downtilt": 10, "Digital Tilt": 6, "Height": 25.7, "Duplex Mode": "TDD", "PCI": 588, "Band": "n41", "DL ARFCN": 504990, "BW [MHz]": "100M", "TxRx Mode": "64T64R", "Transmission Power": 21, "ARFCN": 504990, "InterFreqHoEventType": "EVENT_A5", "CovInterFreqA2RsrpThld [dBm]": -105, "InterFreqA2Hyst [0.5dB]": 2, "CovInterFreqA5RsrpThld1 [dBm]": -105, "CovInterFreqA5RsrpThld2 [dBm]": -100, "IntraFreqHoA3Offset [0.5dB]": 6, "IntraFreqHoA3Hyst [0.5dB]": 2, "IntraFreqHoA3TimeToTrig": "ms320", "PCell Neighbor Cell (gNodeBID_ARFCN_PCI)": "[3238149_504990_513,3226772_504990_220,3213061_504990_686]", "PdcchOccupiedSymbolNum": "1SYM", "Digital Azimuth": 0, "Max Transmit Power": 32, "notes": ""} [0m
2026-07-08 23:36:27,445 - root - INFO - 
[Scenario: 39bb305f-5d41-4b58-8e88-c69023dc7ebc] Investigator round 5, calling tools:
2026-07-08 23:36:28,551 - httpx - INFO - HTTP Request: POST https://api.tokenfactory.nebius.com/v1/chat/completions "HTTP/1.1 200 OK"
2026-07-08 23:36:28,552 - root - INFO - [Request tool call chatcmpl-tool-b6aa472acd7480b0] function get_serving_cell_rsrp(time=2024-09-20 22:21:34.792)
2026-07-08 23:36:28,552 - root - INFO - [95m[Executing tool call chatcmpl-tool-b6aa472acd7480b0] function get_serving_cell_rsrp(time=2024-09-20 22:21:34.792)[0m
2026-07-08 23:36:28,558 - root - INFO - [Tools API] GET /serving-cell-rsrp params={'time': '2024-09-20 22:21:34.792'}
2026-07-08 23:36:28,558 - root - INFO - [95m[Tool result] {"SS-RSRP (dBm)": -87.09} [0m
2026-07-08 23:36:28,558 - root - INFO - 
[Scenario: 39bb305f-5d41-4b58-8e88-c69023dc7ebc] Investigator round 6, calling tools:
2026-07-08 23:36:29,795 - httpx - INFO - HTTP Request: POST https://api.tokenfactory.nebius.com/v1/chat/completions "HTTP/1.1 200 OK"
2026-07-08 23:36:29,796 - root - INFO - [Request tool call chatcmpl-tool-9237aab56881076b] function get_serving_cell_sinr(time=2024-09-20 22:21:34.792)
2026-07-08 23:36:29,796 - root - INFO - [95m[Executing tool call chatcmpl-tool-9237aab56881076b] function get_serving_cell_sinr(time=2024-09-20 22:21:34.792)[0m
2026-07-08 23:36:29,802 - root - INFO - [Tools API] GET /serving-cell-sinr params={'time': '2024-09-20 22:21:34.792'}
2026-07-08 23:36:29,803 - root - INFO - [95m[Tool result] {"SS-SINR (dB)": 17.91} [0m
2026-07-08 23:36:29,803 - root - INFO - 
[Scenario: 39bb305f-5d41-4b58-8e88-c69023dc7ebc] Investigator round 7, calling tools:
2026-07-08 23:36:30,920 - httpx - INFO - HTTP Request: POST https://api.tokenfactory.nebius.com/v1/chat/completions "HTTP/1.1 200 OK"
2026-07-08 23:36:30,921 - root - INFO - [Request tool call chatcmpl-tool-8be9aeaac06a9aa4] function get_neighboring_cells_pci(time=2024-09-20 22:21:34.792)
2026-07-08 23:36:30,921 - root - INFO - [95m[Executing tool call chatcmpl-tool-8be9aeaac06a9aa4] function get_neighboring_cells_pci(time=2024-09-20 22:21:34.792)[0m
2026-07-08 23:36:30,928 - root - INFO - [Tools API] GET /neighboring-cells-pci params={'time': '2024-09-20 22:21:34.792'}
2026-07-08 23:36:30,928 - root - INFO - [95m[Tool result] {"PCIs": [513, 686, 220]} [0m
2026-07-08 23:36:30,928 - root - INFO - 
[Scenario: 39bb305f-5d41-4b58-8e88-c69023dc7ebc] Investigator round 8, calling tools:
2026-07-08 23:36:32,007 - httpx - INFO - HTTP Request: POST https://api.tokenfactory.nebius.com/v1/chat/completions "HTTP/1.1 200 OK"
2026-07-08 23:36:32,009 - root - INFO - [Request tool call chatcmpl-tool-a41f4bd7b8fddf89] function get_neighboring_cell_rsrp(time=2024-09-20 22:21:34.792, pci=513)
2026-07-08 23:36:32,009 - root - INFO - [95m[Executing tool call chatcmpl-tool-a41f4bd7b8fddf89] function get_neighboring_cell_rsrp(time=2024-09-20 22:21:34.792, pci=513)[0m
2026-07-08 23:36:32,026 - root - INFO - [Tools API] GET /neighboring-cell-rsrp params={'time': '2024-09-20 22:21:34.792', 'pci': 513}
2026-07-08 23:36:32,027 - root - INFO - [95m[Tool result] {"Filtered Tx BRSRP [dBm]": -92.0} [0m
2026-07-08 23:36:32,027 - root - INFO - 
[Scenario: 39bb305f-5d41-4b58-8e88-c69023dc7ebc] Investigator round 9, calling tools:
2026-07-08 23:36:34,171 - httpx - INFO - HTTP Request: POST https://api.tokenfactory.nebius.com/v1/chat/completions "HTTP/1.1 200 OK"
2026-07-08 23:36:34,172 - root - INFO - [Request tool call chatcmpl-tool-a7c99701a561bc24] function get_neighboring_cell_rsrp(time=2024-09-20 22:21:34.792, pci=686)
2026-07-08 23:36:34,172 - root - INFO - [95m[Executing tool call chatcmpl-tool-a7c99701a561bc24] function get_neighboring_cell_rsrp(time=2024-09-20 22:21:34.792, pci=686)[0m
2026-07-08 23:36:34,180 - root - INFO - [Tools API] GET /neighboring-cell-rsrp params={'time': '2024-09-20 22:21:34.792', 'pci': 686}
2026-07-08 23:36:34,180 - root - INFO - [95m[Tool result] {"Filtered Tx BRSRP [dBm]": -101.0} [0m
2026-07-08 23:36:34,180 - root - INFO - 
[Scenario: 39bb305f-5d41-4b58-8e88-c69023dc7ebc] Investigator round 10, calling tools:
2026-07-08 23:36:35,359 - httpx - INFO - HTTP Request: POST https://api.tokenfactory.nebius.com/v1/chat/completions "HTTP/1.1 200 OK"
2026-07-08 23:36:35,360 - root - INFO - [Request tool call chatcmpl-tool-ba90b9925c684b5d] function get_neighboring_cell_rsrp(time=2024-09-20 22:21:34.792, pci=220)
2026-07-08 23:36:35,360 - root - INFO - [95m[Executing tool call chatcmpl-tool-ba90b9925c684b5d] function get_neighboring_cell_rsrp(time=2024-09-20 22:21:34.792, pci=220)[0m
2026-07-08 23:36:35,369 - root - INFO - [Tools API] GET /neighboring-cell-rsrp params={'time': '2024-09-20 22:21:34.792', 'pci': 220}
2026-07-08 23:36:35,369 - root - INFO - [95m[Tool result] {"Filtered Tx BRSRP [dBm]": -110.0} [0m
2026-07-08 23:36:35,369 - root - INFO - 
[Scenario: 39bb305f-5d41-4b58-8e88-c69023dc7ebc] Investigator round 11, calling tools:
2026-07-08 23:36:36,419 - httpx - INFO - HTTP Request: POST https://api.tokenfactory.nebius.com/v1/chat/completions "HTTP/1.1 200 OK"
2026-07-08 23:36:36,420 - root - INFO - [Request tool call chatcmpl-tool-aa816abebbc313d1] function get_serving_cell_rsrp(time=2024-09-20 22:21:35.599)
2026-07-08 23:36:36,420 - root - INFO - [95m[Executing tool call chatcmpl-tool-aa816abebbc313d1] function get_serving_cell_rsrp(time=2024-09-20 22:21:35.599)[0m
2026-07-08 23:36:36,426 - root - INFO - [Tools API] GET /serving-cell-rsrp params={'time': '2024-09-20 22:21:35.599'}
2026-07-08 23:36:36,426 - root - INFO - [95m[Tool result] {"SS-RSRP (dBm)": -89.95} [0m
2026-07-08 23:36:36,426 - root - INFO - 
[Scenario: 39bb305f-5d41-4b58-8e88-c69023dc7ebc] Investigator round 12, calling tools:
2026-07-08 23:36:37,372 - httpx - INFO - HTTP Request: POST https://api.tokenfactory.nebius.com/v1/chat/completions "HTTP/1.1 200 OK"
2026-07-08 23:36:37,374 - root - INFO - [Request tool call chatcmpl-tool-9a26d28912226255] function get_serving_cell_sinr(time=2024-09-20 22:21:35.599)
2026-07-08 23:36:37,374 - root - INFO - [95m[Executing tool call chatcmpl-tool-9a26d28912226255] function get_serving_cell_sinr(time=2024-09-20 22:21:35.599)[0m
2026-07-08 23:36:37,391 - root - INFO - [Tools API] GET /serving-cell-sinr params={'time': '2024-09-20 22:21:35.599'}
2026-07-08 23:36:37,391 - root - INFO - [95m[Tool result] {"SS-SINR (dB)": 12.96} [0m
2026-07-08 23:36:37,391 - root - INFO - 
[Scenario: 39bb305f-5d41-4b58-8e88-c69023dc7ebc] Investigator round 13, calling tools:
2026-07-08 23:36:37,993 - httpx - INFO - HTTP Request: POST https://api.tokenfactory.nebius.com/v1/chat/completions "HTTP/1.1 200 OK"
2026-07-08 23:36:37,995 - root - INFO - [Request tool call chatcmpl-tool-afc58f18f1d28824] function get_cell_info(pci=513)
2026-07-08 23:36:37,995 - root - INFO - [95m[Executing tool call chatcmpl-tool-afc58f18f1d28824] function get_cell_info(pci=513)[0m
2026-07-08 23:36:38,008 - root - INFO - [Tools API] GET /cell-info params={'pci': 513}
2026-07-08 23:36:38,009 - root - INFO - [95m[Tool result] {"gNodeB ID": 3238149, "Cell ID": 1, "Longitude": 121.4676886788, "Latitude": 31.1490564775, "Mechanical Azimuth": 347, "Mechanical Downtilt": 4, "Digital Tilt": 12, "Height": 28.5, "Duplex Mode": "TDD", "PCI": 513, "Band": "n41", "DL ARFCN": 504990, "BW [MHz]": "100M", "TxRx Mode": "64T64R", "Transmission Power": 16, "ARFCN": 504990, "InterFreqHoEventType": "EVENT_A5", "CovInterFreqA2RsrpThld [dBm]": -105, "InterFreqA2Hyst [0.5dB]": 2, "CovInterFreqA5RsrpThld1 [dBm]": -105, "CovInterFreqA5RsrpThld2 [dBm]": -100, "IntraFreqHoA3Offset [0.5dB]": 6, "IntraFreqHoA3Hyst [0.5dB]": 2, "IntraFreqHoA3TimeToTrig": "ms320", "PCell Neighbor Cell (gNodeBID_ARFCN_PCI)": "[3226772_504990_220,3213061_504990_686,3244278_504990_588]", "PdcchOccupiedSymbolNum": "1SYM", "Digital Azimuth": 0, "Max Transmit Power": 32, "notes": ""} [0m
2026-07-08 23:36:38,009 - root - INFO - 
[Scenario: 39bb305f-5d41-4b58-8e88-c69023dc7ebc] Investigator round 14, calling tools:
2026-07-08 23:36:39,251 - httpx - INFO - HTTP Request: POST https://api.tokenfactory.nebius.com/v1/chat/completions "HTTP/1.1 200 OK"
2026-07-08 23:36:39,255 - root - INFO - [Request tool call chatcmpl-tool-aa146c5343e0a079] function get_gnodeb_location(pci=588)
2026-07-08 23:36:39,255 - root - INFO - [95m[Executing tool call chatcmpl-tool-aa146c5343e0a079] function get_gnodeb_location(pci=588)[0m
2026-07-08 23:36:39,261 - root - INFO - [Tools API] GET /gnodeb-location params={'pci': 588}
2026-07-08 23:36:39,261 - root - INFO - [95m[Tool result] {"Longitude": 121.4750467151, "Latitude": 31.1509168782} [0m
2026-07-08 23:36:39,261 - root - INFO - 
[Scenario: 39bb305f-5d41-4b58-8e88-c69023dc7ebc] Investigator round 15, calling tools:
2026-07-08 23:36:40,395 - httpx - INFO - HTTP Request: POST https://api.tokenfactory.nebius.com/v1/chat/completions "HTTP/1.1 200 OK"
2026-07-08 23:36:40,398 - root - INFO - [Request tool call chatcmpl-tool-98a5656e214ac368] function get_gnodeb_location(pci=513)
2026-07-08 23:36:40,398 - root - INFO - [95m[Executing tool call chatcmpl-tool-98a5656e214ac368] function get_gnodeb_location(pci=513)[0m
2026-07-08 23:36:40,411 - root - INFO - [Tools API] GET /gnodeb-location params={'pci': 513}
2026-07-08 23:36:40,411 - root - INFO - [95m[Tool result] {"Longitude": 121.4676886788, "Latitude": 31.1490564775} [0m
2026-07-08 23:36:40,411 - root - INFO - 
[Scenario: 39bb305f-5d41-4b58-8e88-c69023dc7ebc] Investigator forcing structured evidence report:
2026-07-08 23:36:53,854 - httpx - INFO - HTTP Request: POST https://api.tokenfactory.nebius.com/v1/chat/completions "HTTP/1.1 200 OK"
2026-07-08 23:36:54,166 - httpx - INFO - HTTP Request: POST https://api.tokenfactory.nebius.com/v1/chat/completions "HTTP/1.1 200 OK"
2026-07-08 23:36:54,167 - root - INFO - [31;1m[Agent response] \boxed{C2}[0m

2026-07-08 23:36:54,168 - root - INFO - [95m
[Scenario: 39bb305f-5d41-4b58-8e88-c69023dc7ebc] Agent's answer is C2, ground truth is C10[0m.
2026-07-08 23:36:54,168 - root - INFO - [Scenario 0ec53773-5b55-4777-b506-aab4bd9d53fc] attempt 1/1
2026-07-08 23:36:54,174 - root - INFO - [Tools API] GET /tools params={}
2026-07-08 23:36:54,174 - root - INFO - 
[Scenario: 0ec53773-5b55-4777-b506-aab4bd9d53fc] Investigator round 1, calling tools:
2026-07-08 23:36:54,677 - httpx - INFO - HTTP Request: POST https://api.tokenfactory.nebius.com/v1/chat/completions "HTTP/1.1 200 OK"
2026-07-08 23:36:54,678 - root - INFO - [Request tool call chatcmpl-tool-b0302c2c517a2076] function get_throughput_logs()
2026-07-08 23:36:54,678 - root - INFO - [95m[Executing tool call chatcmpl-tool-b0302c2c517a2076] function get_throughput_logs()[0m
2026-07-08 23:36:54,683 - root - INFO - [Tools API] GET /throughput-logs params={}
2026-07-08 23:36:54,683 - root - INFO - [95m[Tool result] {"Logs": "Timestamp|5G KPI PCell Layer2 MAC DL Throughput [Mbps]\n2024-09-20 22:21:31.688|567.43\n2024-09-20 22:21:32.120|494.36\n2024-09-20 22:21:33.882|327.99\n2024-09-20 22:21:34.110|71.25\n2024-09-20 22:21:35.289|68.04\n2024-09-20 22:21:36.907|94.86\n2024-09-20 22:21:37.876|89.72\n2024-09-20 22:21:38.395|68.74\n2024-09-20 22:21:39.460|92.5\n2024-09-20 22:21:40.304|302.79\n2024-09-20 22:21:41.518|587.92\n2024-09-20 22:21:42.616|600.65\n"} [0m
2026-07-08 23:36:54,683 - root - INFO - 
[Scenario: 0ec53773-5b55-4777-b506-aab4bd9d53fc] Investigator round 2, calling tools:
2026-07-08 23:36:55,677 - httpx - INFO - HTTP Request: POST https://api.tokenfactory.nebius.com/v1/chat/completions "HTTP/1.1 200 OK"
2026-07-08 23:36:55,680 - root - INFO - [Request tool call chatcmpl-tool-a8dc1bff192e7408] function get_serving_cell_pci(time=2024-09-20 22:21:34.110)
2026-07-08 23:36:55,680 - root - INFO - [95m[Executing tool call chatcmpl-tool-a8dc1bff192e7408] function get_serving_cell_pci(time=2024-09-20 22:21:34.110)[0m
2026-07-08 23:36:55,687 - root - INFO - [Tools API] GET /serving-cell-pci params={'time': '2024-09-20 22:21:34.110'}
2026-07-08 23:36:55,687 - root - INFO - [95m[Tool result] {"PCI": 840} [0m
2026-07-08 23:36:55,687 - root - INFO - 
[Scenario: 0ec53773-5b55-4777-b506-aab4bd9d53fc] Investigator round 3, calling tools:
2026-07-08 23:36:56,410 - httpx - INFO - HTTP Request: POST https://api.tokenfactory.nebius.com/v1/chat/completions "HTTP/1.1 200 OK"
2026-07-08 23:36:56,410 - root - INFO - [Request tool call chatcmpl-tool-97f3a901654ef3bc] function get_cell_info(pci=840)
2026-07-08 23:36:56,410 - root - INFO - [95m[Executing tool call chatcmpl-tool-97f3a901654ef3bc] function get_cell_info(pci=840)[0m
2026-07-08 23:36:56,415 - root - INFO - [Tools API] GET /cell-info params={'pci': 840}
2026-07-08 23:36:56,415 - root - INFO - [95m[Tool result] {"gNodeB ID": 3230652, "Cell ID": 1, "Longitude": 121.4699842769, "Latitude": 31.1485260462, "Mechanical Azimuth": 186, "Mechanical Downtilt": 1, "Digital Tilt": 9, "Height": 28.5, "Duplex Mode": "TDD", "PCI": 840, "Band": "n41", "DL ARFCN": 504990, "BW [MHz]": "100M", "TxRx Mode": "64T64R", "Transmission Power": 21, "ARFCN": 504990, "InterFreqHoEventType": "EVENT_A5", "CovInterFreqA2RsrpThld [dBm]": -105, "InterFreqA2Hyst [0.5dB]": 2, "CovInterFreqA5RsrpThld1 [dBm]": -105, "CovInterFreqA5RsrpThld2 [dBm]": -100, "IntraFreqHoA3Offset [0.5dB]": 6, "IntraFreqHoA3Hyst [0.5dB]": 2, "IntraFreqHoA3TimeToTrig": "ms320", "PCell Neighbor Cell (gNodeBID_ARFCN_PCI)": "[3255225_504990_488,3277550_504990_549,3240495_504990_127]", "PdcchOccupiedSymbolNum": "1SYM", "Digital Azimuth": 0, "Max Transmit Power": 32, "notes": ""} [0m
2026-07-08 23:36:56,415 - root - INFO - 
[Scenario: 0ec53773-5b55-4777-b506-aab4bd9d53fc] Investigator round 4, calling tools:
2026-07-08 23:36:57,546 - httpx - INFO - HTTP Request: POST https://api.tokenfactory.nebius.com/v1/chat/completions "HTTP/1.1 200 OK"
2026-07-08 23:36:57,547 - root - INFO - [Request tool call chatcmpl-tool-907d585d559ce6bf] function get_serving_cell_rsrp(time=2024-09-20 22:21:34.110)
2026-07-08 23:36:57,547 - root - INFO - [95m[Executing tool call chatcmpl-tool-907d585d559ce6bf] function get_serving_cell_rsrp(time=2024-09-20 22:21:34.110)[0m
2026-07-08 23:36:57,553 - root - INFO - [Tools API] GET /serving-cell-rsrp params={'time': '2024-09-20 22:21:34.110'}
2026-07-08 23:36:57,553 - root - INFO - [95m[Tool result] {"SS-RSRP (dBm)": -90.37} [0m
2026-07-08 23:36:57,553 - root - INFO - 
[Scenario: 0ec53773-5b55-4777-b506-aab4bd9d53fc] Investigator round 5, calling tools:
2026-07-08 23:36:58,671 - httpx - INFO - HTTP Request: POST https://api.tokenfactory.nebius.com/v1/chat/completions "HTTP/1.1 200 OK"
2026-07-08 23:36:58,672 - root - INFO - [Request tool call chatcmpl-tool-92660236e4a2d9e6] function get_serving_cell_sinr(time=2024-09-20 22:21:34.110)
2026-07-08 23:36:58,672 - root - INFO - [95m[Executing tool call chatcmpl-tool-92660236e4a2d9e6] function get_serving_cell_sinr(time=2024-09-20 22:21:34.110)[0m
2026-07-08 23:36:58,678 - root - INFO - [Tools API] GET /serving-cell-sinr params={'time': '2024-09-20 22:21:34.110'}
2026-07-08 23:36:58,678 - root - INFO - [95m[Tool result] {"SS-SINR (dB)": 17.93} [0m
2026-07-08 23:36:58,678 - root - INFO - 
[Scenario: 0ec53773-5b55-4777-b506-aab4bd9d53fc] Investigator round 6, calling tools:
2026-07-08 23:37:00,926 - httpx - INFO - HTTP Request: POST https://api.tokenfactory.nebius.com/v1/chat/completions "HTTP/1.1 200 OK"
2026-07-08 23:37:00,926 - root - INFO - [Request tool call chatcmpl-tool-b2284420fd3a5ac2] function get_serving_cell_rsrp(time=2024-09-20 22:21:31.688)
2026-07-08 23:37:00,926 - root - INFO - [95m[Executing tool call chatcmpl-tool-b2284420fd3a5ac2] function get_serving_cell_rsrp(time=2024-09-20 22:21:31.688)[0m
2026-07-08 23:37:00,932 - root - INFO - [Tools API] GET /serving-cell-rsrp params={'time': '2024-09-20 22:21:31.688'}
2026-07-08 23:37:00,933 - root - INFO - [95m[Tool result] {"SS-RSRP (dBm)": -87.97} [0m
2026-07-08 23:37:00,933 - root - INFO - 
[Scenario: 0ec53773-5b55-4777-b506-aab4bd9d53fc] Investigator round 7, calling tools:
2026-07-08 23:37:01,948 - httpx - INFO - HTTP Request: POST https://api.tokenfactory.nebius.com/v1/chat/completions "HTTP/1.1 200 OK"
2026-07-08 23:37:01,949 - root - INFO - [Request tool call chatcmpl-tool-948f13a9430bf489] function get_serving_cell_sinr(time=2024-09-20 22:21:31.688)
2026-07-08 23:37:01,949 - root - INFO - [95m[Executing tool call chatcmpl-tool-948f13a9430bf489] function get_serving_cell_sinr(time=2024-09-20 22:21:31.688)[0m
2026-07-08 23:37:01,956 - root - INFO - [Tools API] GET /serving-cell-sinr params={'time': '2024-09-20 22:21:31.688'}
2026-07-08 23:37:01,957 - root - INFO - [95m[Tool result] {"SS-SINR (dB)": 17.14} [0m
2026-07-08 23:37:01,957 - root - INFO - 
[Scenario: 0ec53773-5b55-4777-b506-aab4bd9d53fc] Investigator round 8, calling tools:
2026-07-08 23:37:02,972 - httpx - INFO - HTTP Request: POST https://api.tokenfactory.nebius.com/v1/chat/completions "HTTP/1.1 200 OK"
2026-07-08 23:37:02,973 - root - INFO - [Request tool call chatcmpl-tool-9029f277fec7d1dc] function get_neighboring_cells_pci(time=2024-09-20 22:21:34.110)
2026-07-08 23:37:02,973 - root - INFO - [95m[Executing tool call chatcmpl-tool-9029f277fec7d1dc] function get_neighboring_cells_pci(time=2024-09-20 22:21:34.110)[0m
2026-07-08 23:37:02,979 - root - INFO - [Tools API] GET /neighboring-cells-pci params={'time': '2024-09-20 22:21:34.110'}
2026-07-08 23:37:02,979 - root - INFO - [95m[Tool result] {"PCIs": [127, 488, 549]} [0m
2026-07-08 23:37:02,979 - root - INFO - 
[Scenario: 0ec53773-5b55-4777-b506-aab4bd9d53fc] Investigator round 9, calling tools:
2026-07-08 23:37:04,029 - httpx - INFO - HTTP Request: POST https://api.tokenfactory.nebius.com/v1/chat/completions "HTTP/1.1 200 OK"
2026-07-08 23:37:04,030 - root - INFO - [Request tool call chatcmpl-tool-bbf27ddc60f4fe19] function get_neighboring_cell_rsrp(time=2024-09-20 22:21:34.110, pci=127)
2026-07-08 23:37:04,030 - root - INFO - [95m[Executing tool call chatcmpl-tool-bbf27ddc60f4fe19] function get_neighboring_cell_rsrp(time=2024-09-20 22:21:34.110, pci=127)[0m
2026-07-08 23:37:04,039 - root - INFO - [Tools API] GET /neighboring-cell-rsrp params={'time': '2024-09-20 22:21:34.110', 'pci': 127}
2026-07-08 23:37:04,039 - root - INFO - [95m[Tool result] {"Filtered Tx BRSRP [dBm]": -95.0} [0m
2026-07-08 23:37:04,039 - root - INFO - 
[Scenario: 0ec53773-5b55-4777-b506-aab4bd9d53fc] Investigator round 10, calling tools:
2026-07-08 23:37:05,267 - httpx - INFO - HTTP Request: POST https://api.tokenfactory.nebius.com/v1/chat/completions "HTTP/1.1 200 OK"
2026-07-08 23:37:05,269 - root - INFO - [Request tool call chatcmpl-tool-96d41e6d855aaf02] function get_neighboring_cell_rsrp(time=2024-09-20 22:21:34.110, pci=488)
2026-07-08 23:37:05,269 - root - INFO - [95m[Executing tool call chatcmpl-tool-96d41e6d855aaf02] function get_neighboring_cell_rsrp(time=2024-09-20 22:21:34.110, pci=488)[0m
2026-07-08 23:37:05,278 - root - INFO - [Tools API] GET /neighboring-cell-rsrp params={'time': '2024-09-20 22:21:34.110', 'pci': 488}
2026-07-08 23:37:05,278 - root - INFO - [95m[Tool result] {"Filtered Tx BRSRP [dBm]": -104.0} [0m
2026-07-08 23:37:05,278 - root - INFO - 
[Scenario: 0ec53773-5b55-4777-b506-aab4bd9d53fc] Investigator round 11, calling tools:
2026-07-08 23:37:06,394 - httpx - INFO - HTTP Request: POST https://api.tokenfactory.nebius.com/v1/chat/completions "HTTP/1.1 200 OK"
2026-07-08 23:37:06,395 - root - INFO - [Request tool call chatcmpl-tool-a093fbc45c9c7030] function get_neighboring_cell_rsrp(time=2024-09-20 22:21:34.110, pci=549)
2026-07-08 23:37:06,395 - root - INFO - [95m[Executing tool call chatcmpl-tool-a093fbc45c9c7030] function get_neighboring_cell_rsrp(time=2024-09-20 22:21:34.110, pci=549)[0m
2026-07-08 23:37:06,403 - root - INFO - [Tools API] GET /neighboring-cell-rsrp params={'time': '2024-09-20 22:21:34.110', 'pci': 549}
2026-07-08 23:37:06,403 - root - INFO - [95m[Tool result] {"Filtered Tx BRSRP [dBm]": -104.0} [0m
2026-07-08 23:37:06,404 - root - INFO - 
[Scenario: 0ec53773-5b55-4777-b506-aab4bd9d53fc] Investigator round 12, calling tools:
2026-07-08 23:37:07,171 - httpx - INFO - HTTP Request: POST https://api.tokenfactory.nebius.com/v1/chat/completions "HTTP/1.1 200 OK"
2026-07-08 23:37:07,171 - root - INFO - [Request tool call chatcmpl-tool-a9fae1b752cfb1c3] function get_cell_info(pci=127)
2026-07-08 23:37:07,171 - root - INFO - [95m[Executing tool call chatcmpl-tool-a9fae1b752cfb1c3] function get_cell_info(pci=127)[0m
2026-07-08 23:37:07,176 - root - INFO - [Tools API] GET /cell-info params={'pci': 127}
2026-07-08 23:37:07,176 - root - INFO - [95m[Tool result] {"gNodeB ID": 3240495, "Cell ID": 4, "Longitude": 121.466319609, "Latitude": 31.1547778502, "Mechanical Azimuth": 254, "Mechanical Downtilt": 6, "Digital Tilt": 2, "Height": 23.7, "Duplex Mode": "TDD", "PCI": 127, "Band": "n41", "DL ARFCN": 504990, "BW [MHz]": "100M", "TxRx Mode": "64T64R", "Transmission Power": 25, "ARFCN": 504990, "InterFreqHoEventType": "EVENT_A5", "CovInterFreqA2RsrpThld [dBm]": -105, "InterFreqA2Hyst [0.5dB]": 2, "CovInterFreqA5RsrpThld1 [dBm]": -105, "CovInterFreqA5RsrpThld2 [dBm]": -100, "IntraFreqHoA3Offset [0.5dB]": 6, "IntraFreqHoA3Hyst [0.5dB]": 2, "IntraFreqHoA3TimeToTrig": "ms320", "PCell Neighbor Cell (gNodeBID_ARFCN_PCI)": "[3230652_504990_840,3255225_504990_488,3277550_504990_549]", "PdcchOccupiedSymbolNum": "1SYM", "Digital Azimuth": 0, "Max Transmit Power": 32, "notes": ""} [0m
2026-07-08 23:37:07,176 - root - INFO - 
[Scenario: 0ec53773-5b55-4777-b506-aab4bd9d53fc] Investigator round 13, calling tools:
2026-07-08 23:37:08,297 - httpx - INFO - HTTP Request: POST https://api.tokenfactory.nebius.com/v1/chat/completions "HTTP/1.1 200 OK"
2026-07-08 23:37:08,298 - root - INFO - [Request tool call chatcmpl-tool-975a0186743b656d] function get_user_location(time=2024-09-20 22:21:34.110)
2026-07-08 23:37:08,298 - root - INFO - [95m[Executing tool call chatcmpl-tool-975a0186743b656d] function get_user_location(time=2024-09-20 22:21:34.110)[0m
2026-07-08 23:37:08,304 - root - INFO - [Tools API] GET /user-location params={'time': '2024-09-20 22:21:34.110'}
2026-07-08 23:37:08,304 - root - INFO - [95m[Tool result] {"Longitude": 121.4656665109, "Latitude": 31.1446334711} [0m
2026-07-08 23:37:08,304 - root - INFO - 
[Scenario: 0ec53773-5b55-4777-b506-aab4bd9d53fc] Investigator round 14, calling tools:
2026-07-08 23:37:09,284 - httpx - INFO - HTTP Request: POST https://api.tokenfactory.nebius.com/v1/chat/completions "HTTP/1.1 200 OK"
2026-07-08 23:37:09,286 - root - INFO - [Request tool call chatcmpl-tool-bb6a30e3838567e1] function get_gnodeb_location(pci=840)
2026-07-08 23:37:09,287 - root - INFO - [95m[Executing tool call chatcmpl-tool-bb6a30e3838567e1] function get_gnodeb_location(pci=840)[0m
2026-07-08 23:37:09,299 - root - INFO - [Tools API] GET /gnodeb-location params={'pci': 840}
2026-07-08 23:37:09,300 - root - INFO - [95m[Tool result] {"Longitude": 121.4699842769, "Latitude": 31.1485260462} [0m
2026-07-08 23:37:09,300 - root - INFO - 
[Scenario: 0ec53773-5b55-4777-b506-aab4bd9d53fc] Investigator round 15, calling tools:
2026-07-08 23:37:10,550 - httpx - INFO - HTTP Request: POST https://api.tokenfactory.nebius.com/v1/chat/completions "HTTP/1.1 200 OK"
2026-07-08 23:37:10,551 - root - INFO - [Request tool call chatcmpl-tool-b69bebe42e752484] function get_gnodeb_location(pci=127)
2026-07-08 23:37:10,551 - root - INFO - [95m[Executing tool call chatcmpl-tool-b69bebe42e752484] function get_gnodeb_location(pci=127)[0m
2026-07-08 23:37:10,556 - root - INFO - [Tools API] GET /gnodeb-location params={'pci': 127}
2026-07-08 23:37:10,556 - root - INFO - [95m[Tool result] {"Longitude": 121.466319609, "Latitude": 31.1547778502} [0m
2026-07-08 23:37:10,556 - root - INFO - 
[Scenario: 0ec53773-5b55-4777-b506-aab4bd9d53fc] Investigator forcing structured evidence report:
2026-07-08 23:37:24,751 - httpx - INFO - HTTP Request: POST https://api.tokenfactory.nebius.com/v1/chat/completions "HTTP/1.1 200 OK"
2026-07-08 23:37:25,085 - httpx - INFO - HTTP Request: POST https://api.tokenfactory.nebius.com/v1/chat/completions "HTTP/1.1 200 OK"
2026-07-08 23:37:25,086 - root - INFO - [31;1m[Agent response] \boxed{C5}[0m

2026-07-08 23:37:25,086 - root - INFO - [95m
[Scenario: 0ec53773-5b55-4777-b506-aab4bd9d53fc] Agent's answer is C5, ground truth is C3[0m.
2026-07-08 23:37:25,086 - root - INFO - [Scenario 01511464-4a9e-4bfd-a019-b56847d3d394] attempt 1/1
2026-07-08 23:37:25,089 - root - INFO - [Tools API] GET /tools params={}
2026-07-08 23:37:25,089 - root - INFO - 
[Scenario: 01511464-4a9e-4bfd-a019-b56847d3d394] Investigator round 1, calling tools:
2026-07-08 23:37:25,708 - httpx - INFO - HTTP Request: POST https://api.tokenfactory.nebius.com/v1/chat/completions "HTTP/1.1 200 OK"
2026-07-08 23:37:25,709 - root - INFO - [Request tool call chatcmpl-tool-8f523c29bfc8268e] function get_throughput_logs()
2026-07-08 23:37:25,709 - root - INFO - [95m[Executing tool call chatcmpl-tool-8f523c29bfc8268e] function get_throughput_logs()[0m
2026-07-08 23:37:25,713 - root - INFO - [Tools API] GET /throughput-logs params={}
2026-07-08 23:37:25,714 - root - INFO - [95m[Tool result] {"Logs": "Timestamp|5G KPI PCell Layer2 MAC DL Throughput [Mbps]\n2024-09-20 22:21:31.876|455.36\n2024-09-20 22:21:32.693|516.32\n2024-09-20 22:21:33.618|603.69\n2024-09-20 22:21:34.866|57.29\n2024-09-20 22:21:35.149|55.28\n2024-09-20 22:21:36.338|67.4\n2024-09-20 22:21:37.491|78.66\n2024-09-20 22:21:38.249|42.77\n2024-09-20 22:21:39.828|228.98\n2024-09-20 22:21:40.973|598.48\n2024-09-20 22:21:41.234|537.9\n2024-09-20 22:21:42.405|345.44\n"} [0m
2026-07-08 23:37:25,714 - root - INFO - 
[Scenario: 01511464-4a9e-4bfd-a019-b56847d3d394] Investigator round 2, calling tools:
2026-07-08 23:37:26,762 - httpx - INFO - HTTP Request: POST https://api.tokenfactory.nebius.com/v1/chat/completions "HTTP/1.1 200 OK"
2026-07-08 23:37:26,763 - root - INFO - [Request tool call chatcmpl-tool-925c0e637697fe84] function get_serving_cell_pci(time=2024-09-20 22:21:34.866)
2026-07-08 23:37:26,763 - root - INFO - [95m[Executing tool call chatcmpl-tool-925c0e637697fe84] function get_serving_cell_pci(time=2024-09-20 22:21:34.866)[0m
2026-07-08 23:37:26,769 - root - INFO - [Tools API] GET /serving-cell-pci params={'time': '2024-09-20 22:21:34.866'}
2026-07-08 23:37:26,769 - root - INFO - [95m[Tool result] {"PCI": 385} [0m
2026-07-08 23:37:26,769 - root - INFO - 
[Scenario: 01511464-4a9e-4bfd-a019-b56847d3d394] Investigator round 3, calling tools:
2026-07-08 23:37:27,446 - httpx - INFO - HTTP Request: POST https://api.tokenfactory.nebius.com/v1/chat/completions "HTTP/1.1 200 OK"
2026-07-08 23:37:27,446 - root - INFO - [Request tool call chatcmpl-tool-9628f72b1c257729] function get_cell_info(pci=385)
2026-07-08 23:37:27,446 - root - INFO - [95m[Executing tool call chatcmpl-tool-9628f72b1c257729] function get_cell_info(pci=385)[0m
2026-07-08 23:37:27,451 - root - INFO - [Tools API] GET /cell-info params={'pci': 385}
2026-07-08 23:37:27,452 - root - INFO - [95m[Tool result] {"gNodeB ID": 3257709, "Cell ID": 1, "Longitude": 121.4689228291, "Latitude": 31.1459625341, "Mechanical Azimuth": 141, "Mechanical Downtilt": 13, "Digital Tilt": 8, "Height": 15.2, "Duplex Mode": "TDD", "PCI": 385, "Band": "n41", "DL ARFCN": 504990, "BW [MHz]": "100M", "TxRx Mode": "64T64R", "Transmission Power": 15, "ARFCN": 504990, "InterFreqHoEventType": "EVENT_A5", "CovInterFreqA2RsrpThld [dBm]": -105, "InterFreqA2Hyst [0.5dB]": 2, "CovInterFreqA5RsrpThld1 [dBm]": -105, "CovInterFreqA5RsrpThld2 [dBm]": -100, "IntraFreqHoA3Offset [0.5dB]": 10, "IntraFreqHoA3Hyst [0.5dB]": 2, "IntraFreqHoA3TimeToTrig": "ms320", "PCell Neighbor Cell (gNodeBID_ARFCN_PCI)": "[3262328_504990_821,3274253_504990_477,3234922_504990_470]", "PdcchOccupiedSymbolNum": "1SYM", "Digital Azimuth": 0, "Max Transmit Power": 32, "notes": ""} [0m
2026-07-08 23:37:27,452 - root - INFO - 
[Scenario: 01511464-4a9e-4bfd-a019-b56847d3d394] Investigator round 4, calling tools:
2026-07-08 23:37:28,368 - httpx - INFO - HTTP Request: POST https://api.tokenfactory.nebius.com/v1/chat/completions "HTTP/1.1 200 OK"
2026-07-08 23:37:28,369 - root - INFO - [Request tool call chatcmpl-tool-aedfa9564d3facea] function get_user_location(time=2024-09-20 22:21:34.866)
2026-07-08 23:37:28,369 - root - INFO - [95m[Executing tool call chatcmpl-tool-aedfa9564d3facea] function get_user_location(time=2024-09-20 22:21:34.866)[0m
2026-07-08 23:37:28,374 - root - INFO - [Tools API] GET /user-location params={'time': '2024-09-20 22:21:34.866'}
2026-07-08 23:37:28,375 - root - INFO - [95m[Tool result] {"Longitude": 121.4656690088, "Latitude": 31.1446356915} [0m
2026-07-08 23:37:28,375 - root - INFO - 
[Scenario: 01511464-4a9e-4bfd-a019-b56847d3d394] Investigator round 5, calling tools:
2026-07-08 23:37:29,521 - httpx - INFO - HTTP Request: POST https://api.tokenfactory.nebius.com/v1/chat/completions "HTTP/1.1 200 OK"
2026-07-08 23:37:29,522 - root - INFO - [Request tool call chatcmpl-tool-bb40b59d77c6134b] function get_serving_cell_rsrp(time=2024-09-20 22:21:34.866)
2026-07-08 23:37:29,522 - root - INFO - [95m[Executing tool call chatcmpl-tool-bb40b59d77c6134b] function get_serving_cell_rsrp(time=2024-09-20 22:21:34.866)[0m
2026-07-08 23:37:29,527 - root - INFO - [Tools API] GET /serving-cell-rsrp params={'time': '2024-09-20 22:21:34.866'}
2026-07-08 23:37:29,528 - root - INFO - [95m[Tool result] {"SS-RSRP (dBm)": -87.21} [0m
2026-07-08 23:37:29,528 - root - INFO - 
[Scenario: 01511464-4a9e-4bfd-a019-b56847d3d394] Investigator round 6, calling tools:
2026-07-08 23:37:30,416 - httpx - INFO - HTTP Request: POST https://api.tokenfactory.nebius.com/v1/chat/completions "HTTP/1.1 200 OK"
2026-07-08 23:37:30,417 - root - INFO - [Request tool call chatcmpl-tool-92a9e81ea5adf1af] function get_serving_cell_sinr(time=2024-09-20 22:21:34.866)
2026-07-08 23:37:30,417 - root - INFO - [95m[Executing tool call chatcmpl-tool-92a9e81ea5adf1af] function get_serving_cell_sinr(time=2024-09-20 22:21:34.866)[0m
2026-07-08 23:37:30,423 - root - INFO - [Tools API] GET /serving-cell-sinr params={'time': '2024-09-20 22:21:34.866'}
2026-07-08 23:37:30,423 - root - INFO - [95m[Tool result] {"SS-SINR (dB)": -2.7} [0m
2026-07-08 23:37:30,423 - root - INFO - 
[Scenario: 01511464-4a9e-4bfd-a019-b56847d3d394] Investigator round 7, calling tools:
2026-07-08 23:37:31,645 - httpx - INFO - HTTP Request: POST https://api.tokenfactory.nebius.com/v1/chat/completions "HTTP/1.1 200 OK"
2026-07-08 23:37:31,646 - root - INFO - [Request tool call chatcmpl-tool-95adca3647361838] function get_neighboring_cells_pci(time=2024-09-20 22:21:34.866)
2026-07-08 23:37:31,646 - root - INFO - [95m[Executing tool call chatcmpl-tool-95adca3647361838] function get_neighboring_cells_pci(time=2024-09-20 22:21:34.866)[0m
2026-07-08 23:37:31,652 - root - INFO - [Tools API] GET /neighboring-cells-pci params={'time': '2024-09-20 22:21:34.866'}
2026-07-08 23:37:31,652 - root - INFO - [95m[Tool result] {"PCIs": [821, 477, 470]} [0m
2026-07-08 23:37:31,652 - root - INFO - 
[Scenario: 01511464-4a9e-4bfd-a019-b56847d3d394] Investigator round 8, calling tools:
2026-07-08 23:37:32,976 - httpx - INFO - HTTP Request: POST https://api.tokenfactory.nebius.com/v1/chat/completions "HTTP/1.1 200 OK"
2026-07-08 23:37:32,977 - root - INFO - [Request tool call chatcmpl-tool-8bb1c189cb2b572a] function get_neighboring_cell_rsrp(time=2024-09-20 22:21:34.866, pci=821)
2026-07-08 23:37:32,977 - root - INFO - [95m[Executing tool call chatcmpl-tool-8bb1c189cb2b572a] function get_neighboring_cell_rsrp(time=2024-09-20 22:21:34.866, pci=821)[0m
2026-07-08 23:37:32,985 - root - INFO - [Tools API] GET /neighboring-cell-rsrp params={'time': '2024-09-20 22:21:34.866', 'pci': 821}
2026-07-08 23:37:32,985 - root - INFO - [95m[Tool result] {"Filtered Tx BRSRP [dBm]": -81.0} [0m
2026-07-08 23:37:32,985 - root - INFO - 
[Scenario: 01511464-4a9e-4bfd-a019-b56847d3d394] Investigator round 9, calling tools:
2026-07-08 23:37:33,590 - httpx - INFO - HTTP Request: POST https://api.tokenfactory.nebius.com/v1/chat/completions "HTTP/1.1 200 OK"
2026-07-08 23:37:33,591 - root - INFO - [Request tool call chatcmpl-tool-8565dffd8618bb1d] function get_cell_info(pci=821)
2026-07-08 23:37:33,591 - root - INFO - [95m[Executing tool call chatcmpl-tool-8565dffd8618bb1d] function get_cell_info(pci=821)[0m
2026-07-08 23:37:33,596 - root - INFO - [Tools API] GET /cell-info params={'pci': 821}
2026-07-08 23:37:33,596 - root - INFO - [95m[Tool result] {"gNodeB ID": 3262328, "Cell ID": 2, "Longitude": 121.4759341241, "Latitude": 31.151327456, "Mechanical Azimuth": 73, "Mechanical Downtilt": 14, "Digital Tilt": 8, "Height": 22.6, "Duplex Mode": "TDD", "PCI": 821, "Band": "n41", "DL ARFCN": 504990, "BW [MHz]": "100M", "TxRx Mode": "64T64R", "Transmission Power": 11, "ARFCN": 504990, "InterFreqHoEventType": "EVENT_A5", "CovInterFreqA2RsrpThld [dBm]": -105, "InterFreqA2Hyst [0.5dB]": 2, "CovInterFreqA5RsrpThld1 [dBm]": -105, "CovInterFreqA5RsrpThld2 [dBm]": -100, "IntraFreqHoA3Offset [0.5dB]": 6, "IntraFreqHoA3Hyst [0.5dB]": 2, "IntraFreqHoA3TimeToTrig": "ms320", "PCell Neighbor Cell (gNodeBID_ARFCN_PCI)": "[3257709_504990_385,3274253_504990_477,3234922_504990_470]", "PdcchOccupiedSymbolNum": "1SYM", "Digital Azimuth": 0, "Max Transmit Power": 32, "notes": ""} [0m
2026-07-08 23:37:33,596 - root - INFO - 
[Scenario: 01511464-4a9e-4bfd-a019-b56847d3d394] Investigator round 10, calling tools:
2026-07-08 23:37:34,789 - httpx - INFO - HTTP Request: POST https://api.tokenfactory.nebius.com/v1/chat/completions "HTTP/1.1 200 OK"
2026-07-08 23:37:34,789 - root - INFO - [Request tool call chatcmpl-tool-9fd8b559fcf543ba] function get_serving_cell_rsrp(time=2024-09-20 22:21:33.618)
2026-07-08 23:37:34,789 - root - INFO - [95m[Executing tool call chatcmpl-tool-9fd8b559fcf543ba] function get_serving_cell_rsrp(time=2024-09-20 22:21:33.618)[0m
2026-07-08 23:37:34,795 - root - INFO - [Tools API] GET /serving-cell-rsrp params={'time': '2024-09-20 22:21:33.618'}
2026-07-08 23:37:34,795 - root - INFO - [95m[Tool result] {"SS-RSRP (dBm)": -77.78} [0m
2026-07-08 23:37:34,796 - root - INFO - 
[Scenario: 01511464-4a9e-4bfd-a019-b56847d3d394] Investigator round 11, calling tools:
2026-07-08 23:37:35,946 - httpx - INFO - HTTP Request: POST https://api.tokenfactory.nebius.com/v1/chat/completions "HTTP/1.1 200 OK"
2026-07-08 23:37:35,946 - root - INFO - [Request tool call chatcmpl-tool-85928d13511645b9] function get_serving_cell_sinr(time=2024-09-20 22:21:33.618)
2026-07-08 23:37:35,946 - root - INFO - [95m[Executing tool call chatcmpl-tool-85928d13511645b9] function get_serving_cell_sinr(time=2024-09-20 22:21:33.618)[0m
2026-07-08 23:37:35,952 - root - INFO - [Tools API] GET /serving-cell-sinr params={'time': '2024-09-20 22:21:33.618'}
2026-07-08 23:37:35,952 - root - INFO - [95m[Tool result] {"SS-SINR (dB)": 17.83} [0m
2026-07-08 23:37:35,952 - root - INFO - 
[Scenario: 01511464-4a9e-4bfd-a019-b56847d3d394] Investigator round 12, calling tools:
2026-07-08 23:37:37,174 - httpx - INFO - HTTP Request: POST https://api.tokenfactory.nebius.com/v1/chat/completions "HTTP/1.1 200 OK"
2026-07-08 23:37:37,175 - root - INFO - [Request tool call chatcmpl-tool-b899ee162cf11a57] function get_signaling_plane_event_log(time=2024-09-20 22:21:34.866)
2026-07-08 23:37:37,175 - root - INFO - [95m[Executing tool call chatcmpl-tool-b899ee162cf11a57] function get_signaling_plane_event_log(time=2024-09-20 22:21:34.866)[0m
2026-07-08 23:37:37,180 - root - INFO - [Tools API] GET /signaling-plane-event-log params={'time': '2024-09-20 22:21:34.866'}
2026-07-08 23:37:37,181 - root - INFO - [95m[Tool result] "Timestamp|Event Name|Event Content\n2024-09-20 22:21:31.252|NRRandomAccessAttempt|\n2024-09-20 22:21:31.267|NRRandomAccessSuc|Delay：15ms\n2024-09-20 22:21:31.383|NREventA2MeasConfig|measId:1;NR-ARFCN:504990;a2-Threshold RSRP:-105;hysteresis:1;timeToTrigger:ms320\n2024-09-20 22:21:31.383|NREventA3MeasConfig|measId:2;NR-ARFCN:504990;a3-Offset RSRP:5;hysteresis:1;timeToTrigger:ms320\n" [0m
2026-07-08 23:37:37,181 - root - INFO - 
[Scenario: 01511464-4a9e-4bfd-a019-b56847d3d394] Investigator round 13, calling tools:
2026-07-08 23:37:38,210 - httpx - INFO - HTTP Request: POST https://api.tokenfactory.nebius.com/v1/chat/completions "HTTP/1.1 200 OK"
2026-07-08 23:37:38,212 - root - INFO - [Request tool call chatcmpl-tool-9fd79115a32f70a5] function get_rbs_allocated_to_user(time=2024-09-20 22:21:34.866)
2026-07-08 23:37:38,212 - root - INFO - [95m[Executing tool call chatcmpl-tool-9fd79115a32f70a5] function get_rbs_allocated_to_user(time=2024-09-20 22:21:34.866)[0m
2026-07-08 23:37:38,231 - root - INFO - [Tools API] GET /rbs-allocated-to-user params={'time': '2024-09-20 22:21:34.866'}
2026-07-08 23:37:38,231 - root - INFO - [95m[Tool result] {"RBs": 265.0} [0m
2026-07-08 23:37:38,232 - root - INFO - 
[Scenario: 01511464-4a9e-4bfd-a019-b56847d3d394] Investigator round 14, calling tools:
2026-07-08 23:37:50,275 - httpx - INFO - HTTP Request: POST https://api.tokenfactory.nebius.com/v1/chat/completions "HTTP/1.1 200 OK"
2026-07-08 23:37:50,276 - root - INFO - [Request tool call chatcmpl-tool-8c234f7619868765] function get_cell_info(pci=477)
2026-07-08 23:37:50,276 - root - INFO - [95m[Executing tool call chatcmpl-tool-8c234f7619868765] function get_cell_info(pci=477)[0m
2026-07-08 23:37:50,281 - root - INFO - [Tools API] GET /cell-info params={'pci': 477}
2026-07-08 23:37:50,281 - root - INFO - [95m[Tool result] {"gNodeB ID": 3274253, "Cell ID": 3, "Longitude": 121.4751723566, "Latitude": 31.1453866298, "Mechanical Azimuth": 2, "Mechanical Downtilt": 3, "Digital Tilt": 0, "Height": 22.9, "Duplex Mode": "TDD", "PCI": 477, "Band": "n41", "DL ARFCN": 504990, "BW [MHz]": "100M", "TxRx Mode": "64T64R", "Transmission Power": 12, "ARFCN": 504990, "InterFreqHoEventType": "EVENT_A5", "CovInterFreqA2RsrpThld [dBm]": -105, "InterFreqA2Hyst [0.5dB]": 2, "CovInterFreqA5RsrpThld1 [dBm]": -105, "CovInterFreqA5RsrpThld2 [dBm]": -100, "IntraFreqHoA3Offset [0.5dB]": 6, "IntraFreqHoA3Hyst [0.5dB]": 2, "IntraFreqHoA3TimeToTrig": "ms320", "PCell Neighbor Cell (gNodeBID_ARFCN_PCI)": "[3257709_504990_385,3262328_504990_821,3234922_504990_470]", "PdcchOccupiedSymbolNum": "1SYM", "Digital Azimuth": 0, "Max Transmit Power": 32, "notes": ""} [0m
2026-07-08 23:37:50,281 - root - INFO - 
[Scenario: 01511464-4a9e-4bfd-a019-b56847d3d394] Investigator round 15, calling tools:
2026-07-08 23:37:51,205 - httpx - INFO - HTTP Request: POST https://api.tokenfactory.nebius.com/v1/chat/completions "HTTP/1.1 200 OK"
2026-07-08 23:37:51,205 - root - INFO - [Request tool call chatcmpl-tool-b56730c2400287a9] function get_cell_info(pci=470)
2026-07-08 23:37:51,205 - root - INFO - [95m[Executing tool call chatcmpl-tool-b56730c2400287a9] function get_cell_info(pci=470)[0m
2026-07-08 23:37:51,210 - root - INFO - [Tools API] GET /cell-info params={'pci': 470}
2026-07-08 23:37:51,210 - root - INFO - [95m[Tool result] {"gNodeB ID": 3234922, "Cell ID": 4, "Longitude": 121.4696682245, "Latitude": 31.1484303404, "Mechanical Azimuth": 64, "Mechanical Downtilt": 4, "Digital Tilt": 6, "Height": 29.6, "Duplex Mode": "TDD", "PCI": 470, "Band": "n41", "DL ARFCN": 504990, "BW [MHz]": "100M", "TxRx Mode": "64T64R", "Transmission Power": 29, "ARFCN": 504990, "InterFreqHoEventType": "EVENT_A5", "CovInterFreqA2RsrpThld [dBm]": -105, "InterFreqA2Hyst [0.5dB]": 2, "CovInterFreqA5RsrpThld1 [dBm]": -105, "CovInterFreqA5RsrpThld2 [dBm]": -100, "IntraFreqHoA3Offset [0.5dB]": 6, "IntraFreqHoA3Hyst [0.5dB]": 2, "IntraFreqHoA3TimeToTrig": "ms320", "PCell Neighbor Cell (gNodeBID_ARFCN_PCI)": "[3257709_504990_385,3262328_504990_821,3274253_504990_477]", "PdcchOccupiedSymbolNum": "1SYM", "Digital Azimuth": 0, "Max Transmit Power": 32, "notes": ""} [0m
2026-07-08 23:37:51,211 - root - INFO - 
[Scenario: 01511464-4a9e-4bfd-a019-b56847d3d394] Investigator forcing structured evidence report:
2026-07-08 23:38:06,079 - httpx - INFO - HTTP Request: POST https://api.tokenfactory.nebius.com/v1/chat/completions "HTTP/1.1 200 OK"
2026-07-08 23:38:06,392 - httpx - INFO - HTTP Request: POST https://api.tokenfactory.nebius.com/v1/chat/completions "HTTP/1.1 200 OK"
2026-07-08 23:38:06,393 - root - INFO - [31;1m[Agent response] \boxed{C8}[0m

2026-07-08 23:38:06,393 - root - INFO - [95m
[Scenario: 01511464-4a9e-4bfd-a019-b56847d3d394] Agent's answer is C8, ground truth is C8[0m.
2026-07-08 23:38:06,393 - root - INFO - [Scenario af48c90d-a335-4864-aef9-792bd80169ff] attempt 1/1
2026-07-08 23:38:06,396 - root - INFO - [Tools API] GET /tools params={}
2026-07-08 23:38:06,396 - root - INFO - 
[Scenario: af48c90d-a335-4864-aef9-792bd80169ff] Investigator round 1, calling tools:
2026-07-08 23:38:07,078 - httpx - INFO - HTTP Request: POST https://api.tokenfactory.nebius.com/v1/chat/completions "HTTP/1.1 200 OK"
2026-07-08 23:38:07,080 - root - INFO - [Request tool call chatcmpl-tool-a3837f7f09832900] function get_throughput_logs()
2026-07-08 23:38:07,081 - root - INFO - [95m[Executing tool call chatcmpl-tool-a3837f7f09832900] function get_throughput_logs()[0m
2026-07-08 23:38:07,092 - root - INFO - [Tools API] GET /throughput-logs params={}
2026-07-08 23:38:07,092 - root - INFO - [95m[Tool result] {"Logs": "Timestamp|5G KPI PCell Layer2 MAC DL Throughput [Mbps]\n2024-09-20 22:21:31.150|511.51\n2024-09-20 22:21:32.647|335.22\n2024-09-20 22:21:33.267|379.44\n2024-09-20 22:21:34.258|74.85\n2024-09-20 22:21:35.455|74.35\n2024-09-20 22:21:36.946|79.55\n2024-09-20 22:21:37.654|56.02\n2024-09-20 22:21:38.936|88.44\n2024-09-20 22:21:39.221|80.84\n2024-09-20 22:21:40.718|482.37\n2024-09-20 22:21:41.246|442.23\n2024-09-20 22:21:42.692|416.41\n"} [0m
2026-07-08 23:38:07,092 - root - INFO - 
[Scenario: af48c90d-a335-4864-aef9-792bd80169ff] Investigator round 2, calling tools:
2026-07-08 23:38:08,203 - httpx - INFO - HTTP Request: POST https://api.tokenfactory.nebius.com/v1/chat/completions "HTTP/1.1 200 OK"
2026-07-08 23:38:08,204 - root - INFO - [Request tool call chatcmpl-tool-b4188f65bf0f8b1c] function get_serving_cell_pci(time=2024-09-20 22:21:34.258)
2026-07-08 23:38:08,204 - root - INFO - [95m[Executing tool call chatcmpl-tool-b4188f65bf0f8b1c] function get_serving_cell_pci(time=2024-09-20 22:21:34.258)[0m
2026-07-08 23:38:08,214 - root - INFO - [Tools API] GET /serving-cell-pci params={'time': '2024-09-20 22:21:34.258'}
2026-07-08 23:38:08,214 - root - INFO - [95m[Tool result] {"PCI": 809} [0m
2026-07-08 23:38:08,214 - root - INFO - 
[Scenario: af48c90d-a335-4864-aef9-792bd80169ff] Investigator round 3, calling tools:
2026-07-08 23:38:08,702 - httpx - INFO - HTTP Request: POST https://api.tokenfactory.nebius.com/v1/chat/completions "HTTP/1.1 200 OK"
2026-07-08 23:38:08,702 - root - INFO - [Request tool call chatcmpl-tool-83882deac3147bea] function get_cell_info(pci=809)
2026-07-08 23:38:08,702 - root - INFO - [95m[Executing tool call chatcmpl-tool-83882deac3147bea] function get_cell_info(pci=809)[0m
2026-07-08 23:38:08,707 - root - INFO - [Tools API] GET /cell-info params={'pci': 809}
2026-07-08 23:38:08,707 - root - INFO - [95m[Tool result] {"gNodeB ID": 3240491, "Cell ID": 1, "Longitude": 121.4733087853, "Latitude": 31.1519988417, "Mechanical Azimuth": 242, "Mechanical Downtilt": 7, "Digital Tilt": 12, "Height": 29.0, "Duplex Mode": "TDD", "PCI": 809, "Band": "n41", "DL ARFCN": 504990, "BW [MHz]": "100M", "TxRx Mode": "64T64R", "Transmission Power": 22, "ARFCN": 504990, "InterFreqHoEventType": "EVENT_A5", "CovInterFreqA2RsrpThld [dBm]": -105, "InterFreqA2Hyst [0.5dB]": 2, "CovInterFreqA5RsrpThld1 [dBm]": -105, "CovInterFreqA5RsrpThld2 [dBm]": -100, "IntraFreqHoA3Offset [0.5dB]": 6, "IntraFreqHoA3Hyst [0.5dB]": 2, "IntraFreqHoA3TimeToTrig": "ms320", "PCell Neighbor Cell (gNodeBID_ARFCN_PCI)": "[3279919_504990_67,3276319_504990_108,3220184_504990_201]", "PdcchOccupiedSymbolNum": "1SYM", "Digital Azimuth": 0, "Max Transmit Power": 32, "notes": ""} [0m
2026-07-08 23:38:08,707 - root - INFO - 
[Scenario: af48c90d-a335-4864-aef9-792bd80169ff] Investigator round 4, calling tools:
2026-07-08 23:38:09,946 - httpx - INFO - HTTP Request: POST https://api.tokenfactory.nebius.com/v1/chat/completions "HTTP/1.1 200 OK"
2026-07-08 23:38:09,946 - root - INFO - [Request tool call chatcmpl-tool-90c65265a8a69e05] function get_serving_cell_rsrp(time=2024-09-20 22:21:34.258)
2026-07-08 23:38:09,946 - root - INFO - [95m[Executing tool call chatcmpl-tool-90c65265a8a69e05] function get_serving_cell_rsrp(time=2024-09-20 22:21:34.258)[0m
2026-07-08 23:38:09,954 - root - INFO - [Tools API] GET /serving-cell-rsrp params={'time': '2024-09-20 22:21:34.258'}
2026-07-08 23:38:09,954 - root - INFO - [95m[Tool result] {"SS-RSRP (dBm)": -88.18} [0m
2026-07-08 23:38:09,954 - root - INFO - 
[Scenario: af48c90d-a335-4864-aef9-792bd80169ff] Investigator round 5, calling tools:
2026-07-08 23:38:13,325 - httpx - INFO - HTTP Request: POST https://api.tokenfactory.nebius.com/v1/chat/completions "HTTP/1.1 200 OK"
2026-07-08 23:38:13,326 - root - INFO - [Request tool call chatcmpl-tool-83957d183a963956] function get_serving_cell_sinr(time=2024-09-20 22:21:34.258)
2026-07-08 23:38:13,326 - root - INFO - [95m[Executing tool call chatcmpl-tool-83957d183a963956] function get_serving_cell_sinr(time=2024-09-20 22:21:34.258)[0m
2026-07-08 23:38:13,332 - root - INFO - [Tools API] GET /serving-cell-sinr params={'time': '2024-09-20 22:21:34.258'}
2026-07-08 23:38:13,333 - root - INFO - [95m[Tool result] {"SS-SINR (dB)": 16.96} [0m
2026-07-08 23:38:13,333 - root - INFO - 
[Scenario: af48c90d-a335-4864-aef9-792bd80169ff] Investigator round 6, calling tools:
2026-07-08 23:38:14,492 - httpx - INFO - HTTP Request: POST https://api.tokenfactory.nebius.com/v1/chat/completions "HTTP/1.1 200 OK"
2026-07-08 23:38:14,493 - root - INFO - [Request tool call chatcmpl-tool-99c8c585cb7035a8] function get_neighboring_cells_pci(time=2024-09-20 22:21:34.258)
2026-07-08 23:38:14,494 - root - INFO - [95m[Executing tool call chatcmpl-tool-99c8c585cb7035a8] function get_neighboring_cells_pci(time=2024-09-20 22:21:34.258)[0m
2026-07-08 23:38:14,500 - root - INFO - [Tools API] GET /neighboring-cells-pci params={'time': '2024-09-20 22:21:34.258'}
2026-07-08 23:38:14,501 - root - INFO - [95m[Tool result] {"PCIs": [67, 108, 201]} [0m
2026-07-08 23:38:14,501 - root - INFO - 
[Scenario: af48c90d-a335-4864-aef9-792bd80169ff] Investigator round 7, calling tools:
2026-07-08 23:38:15,556 - httpx - INFO - HTTP Request: POST https://api.tokenfactory.nebius.com/v1/chat/completions "HTTP/1.1 200 OK"
2026-07-08 23:38:15,558 - root - INFO - [Request tool call chatcmpl-tool-a9c5cea59be35bcd] function get_neighboring_cell_rsrp(time=2024-09-20 22:21:34.258, pci=67)
2026-07-08 23:38:15,558 - root - INFO - [95m[Executing tool call chatcmpl-tool-a9c5cea59be35bcd] function get_neighboring_cell_rsrp(time=2024-09-20 22:21:34.258, pci=67)[0m
2026-07-08 23:38:15,566 - root - INFO - [Tools API] GET /neighboring-cell-rsrp params={'time': '2024-09-20 22:21:34.258', 'pci': 67}
2026-07-08 23:38:15,567 - root - INFO - [95m[Tool result] {"Filtered Tx BRSRP [dBm]": -94.0} [0m
2026-07-08 23:38:15,567 - root - INFO - 
[Scenario: af48c90d-a335-4864-aef9-792bd80169ff] Investigator round 8, calling tools:
2026-07-08 23:38:16,192 - httpx - INFO - HTTP Request: POST https://api.tokenfactory.nebius.com/v1/chat/completions "HTTP/1.1 200 OK"
2026-07-08 23:38:16,193 - root - INFO - [Request tool call chatcmpl-tool-97ac4acf5985df0b] function get_cell_info(pci=67)
2026-07-08 23:38:16,193 - root - INFO - [95m[Executing tool call chatcmpl-tool-97ac4acf5985df0b] function get_cell_info(pci=67)[0m
2026-07-08 23:38:16,198 - root - INFO - [Tools API] GET /cell-info params={'pci': 67}
2026-07-08 23:38:16,198 - root - INFO - [95m[Tool result] {"gNodeB ID": 3279919, "Cell ID": 2, "Longitude": 121.4646604872, "Latitude": 31.1522777852, "Mechanical Azimuth": 220, "Mechanical Downtilt": 13, "Digital Tilt": 1, "Height": 46.1, "Duplex Mode": "TDD", "PCI": 67, "Band": "n41", "DL ARFCN": 504990, "BW [MHz]": "100M", "TxRx Mode": "64T64R", "Transmission Power": 19, "ARFCN": 504990, "InterFreqHoEventType": "EVENT_A5", "CovInterFreqA2RsrpThld [dBm]": -105, "InterFreqA2Hyst [0.5dB]": 2, "CovInterFreqA5RsrpThld1 [dBm]": -105, "CovInterFreqA5RsrpThld2 [dBm]": -100, "IntraFreqHoA3Offset [0.5dB]": 6, "IntraFreqHoA3Hyst [0.5dB]": 2, "IntraFreqHoA3TimeToTrig": "ms320", "PCell Neighbor Cell (gNodeBID_ARFCN_PCI)": "[3240491_504990_809,3276319_504990_108,3220184_504990_201]", "PdcchOccupiedSymbolNum": "1SYM", "Digital Azimuth": 0, "Max Transmit Power": 32, "notes": ""} [0m
2026-07-08 23:38:16,198 - root - INFO - 
[Scenario: af48c90d-a335-4864-aef9-792bd80169ff] Investigator round 9, calling tools:
2026-07-08 23:38:26,022 - httpx - INFO - HTTP Request: POST https://api.tokenfactory.nebius.com/v1/chat/completions "HTTP/1.1 200 OK"
2026-07-08 23:38:26,022 - root - INFO - [Request tool call chatcmpl-tool-a234de47d574fc40] function get_serving_cell_rsrp(time=2024-09-20 22:21:33.267)
2026-07-08 23:38:26,022 - root - INFO - [95m[Executing tool call chatcmpl-tool-a234de47d574fc40] function get_serving_cell_rsrp(time=2024-09-20 22:21:33.267)[0m
2026-07-08 23:38:26,028 - root - INFO - [Tools API] GET /serving-cell-rsrp params={'time': '2024-09-20 22:21:33.267'}
2026-07-08 23:38:26,028 - root - INFO - [95m[Tool result] {"SS-RSRP (dBm)": -90.55} [0m
2026-07-08 23:38:26,029 - root - INFO - 
[Scenario: af48c90d-a335-4864-aef9-792bd80169ff] Investigator round 10, calling tools:
2026-07-08 23:38:27,360 - httpx - INFO - HTTP Request: POST https://api.tokenfactory.nebius.com/v1/chat/completions "HTTP/1.1 200 OK"
2026-07-08 23:38:27,361 - root - INFO - [Request tool call chatcmpl-tool-bb7a0e9fbb1b2fb5] function get_serving_cell_rsrp(time=2024-09-20 22:21:35.455)
2026-07-08 23:38:27,361 - root - INFO - [95m[Executing tool call chatcmpl-tool-bb7a0e9fbb1b2fb5] function get_serving_cell_rsrp(time=2024-09-20 22:21:35.455)[0m
2026-07-08 23:38:27,367 - root - INFO - [Tools API] GET /serving-cell-rsrp params={'time': '2024-09-20 22:21:35.455'}
2026-07-08 23:38:27,367 - root - INFO - [95m[Tool result] {"SS-RSRP (dBm)": -86.96} [0m
2026-07-08 23:38:27,367 - root - INFO - 
[Scenario: af48c90d-a335-4864-aef9-792bd80169ff] Investigator round 11, calling tools:
2026-07-08 23:38:28,787 - httpx - INFO - HTTP Request: POST https://api.tokenfactory.nebius.com/v1/chat/completions "HTTP/1.1 200 OK"
2026-07-08 23:38:28,789 - root - INFO - [Request tool call chatcmpl-tool-967663f7f16ab74b] function get_serving_cell_sinr(time=2024-09-20 22:21:35.455)
2026-07-08 23:38:28,789 - root - INFO - [95m[Executing tool call chatcmpl-tool-967663f7f16ab74b] function get_serving_cell_sinr(time=2024-09-20 22:21:35.455)[0m
2026-07-08 23:38:28,807 - root - INFO - [Tools API] GET /serving-cell-sinr params={'time': '2024-09-20 22:21:35.455'}
2026-07-08 23:38:28,807 - root - INFO - [95m[Tool result] {"SS-SINR (dB)": 13.69} [0m
2026-07-08 23:38:28,807 - root - INFO - 
[Scenario: af48c90d-a335-4864-aef9-792bd80169ff] Investigator round 12, calling tools:
2026-07-08 23:38:30,017 - httpx - INFO - HTTP Request: POST https://api.tokenfactory.nebius.com/v1/chat/completions "HTTP/1.1 200 OK"
2026-07-08 23:38:30,018 - root - INFO - [Request tool call chatcmpl-tool-bc550c2a54ad4a86] function get_serving_cell_rsrp(time=2024-09-20 22:21:36.946)
2026-07-08 23:38:30,018 - root - INFO - [95m[Executing tool call chatcmpl-tool-bc550c2a54ad4a86] function get_serving_cell_rsrp(time=2024-09-20 22:21:36.946)[0m
2026-07-08 23:38:30,026 - root - INFO - [Tools API] GET /serving-cell-rsrp params={'time': '2024-09-20 22:21:36.946'}
2026-07-08 23:38:30,027 - root - INFO - [95m[Tool result] {"SS-RSRP (dBm)": -86.64} [0m
2026-07-08 23:38:30,027 - root - INFO - 
[Scenario: af48c90d-a335-4864-aef9-792bd80169ff] Investigator round 13, calling tools:
2026-07-08 23:38:31,174 - httpx - INFO - HTTP Request: POST https://api.tokenfactory.nebius.com/v1/chat/completions "HTTP/1.1 200 OK"
2026-07-08 23:38:31,175 - root - INFO - [Request tool call chatcmpl-tool-9f47fa63330fcff8] function get_serving_cell_sinr(time=2024-09-20 22:21:36.946)
2026-07-08 23:38:31,175 - root - INFO - [95m[Executing tool call chatcmpl-tool-9f47fa63330fcff8] function get_serving_cell_sinr(time=2024-09-20 22:21:36.946)[0m
2026-07-08 23:38:31,184 - root - INFO - [Tools API] GET /serving-cell-sinr params={'time': '2024-09-20 22:21:36.946'}
2026-07-08 23:38:31,184 - root - INFO - [95m[Tool result] {"SS-SINR (dB)": 15.26} [0m
2026-07-08 23:38:31,184 - root - INFO - 
[Scenario: af48c90d-a335-4864-aef9-792bd80169ff] Investigator round 14, calling tools:
2026-07-08 23:38:33,735 - httpx - INFO - HTTP Request: POST https://api.tokenfactory.nebius.com/v1/chat/completions "HTTP/1.1 200 OK"
2026-07-08 23:38:33,736 - root - INFO - [Request tool call chatcmpl-tool-b0718f9c8425d37c] function get_serving_cell_rsrp(time=2024-09-20 22:21:37.654)
2026-07-08 23:38:33,736 - root - INFO - [95m[Executing tool call chatcmpl-tool-b0718f9c8425d37c] function get_serving_cell_rsrp(time=2024-09-20 22:21:37.654)[0m
2026-07-08 23:38:33,743 - root - INFO - [Tools API] GET /serving-cell-rsrp params={'time': '2024-09-20 22:21:37.654'}
2026-07-08 23:38:33,743 - root - INFO - [95m[Tool result] {"SS-RSRP (dBm)": -93.99} [0m
2026-07-08 23:38:33,743 - root - INFO - 
[Scenario: af48c90d-a335-4864-aef9-792bd80169ff] Investigator round 15, calling tools:
2026-07-08 23:38:35,648 - httpx - INFO - HTTP Request: POST https://api.tokenfactory.nebius.com/v1/chat/completions "HTTP/1.1 200 OK"
2026-07-08 23:38:35,649 - root - INFO - [Request tool call chatcmpl-tool-8d6f2a3a19f3171d] function get_serving_cell_sinr(time=2024-09-20 22:21:37.654)
2026-07-08 23:38:35,649 - root - INFO - [95m[Executing tool call chatcmpl-tool-8d6f2a3a19f3171d] function get_serving_cell_sinr(time=2024-09-20 22:21:37.654)[0m
2026-07-08 23:38:35,655 - root - INFO - [Tools API] GET /serving-cell-sinr params={'time': '2024-09-20 22:21:37.654'}
2026-07-08 23:38:35,655 - root - INFO - [95m[Tool result] {"SS-SINR (dB)": 10.05} [0m
2026-07-08 23:38:35,655 - root - INFO - 
[Scenario: af48c90d-a335-4864-aef9-792bd80169ff] Investigator forcing structured evidence report:
2026-07-08 23:38:50,060 - httpx - INFO - HTTP Request: POST https://api.tokenfactory.nebius.com/v1/chat/completions "HTTP/1.1 200 OK"
2026-07-08 23:38:50,434 - httpx - INFO - HTTP Request: POST https://api.tokenfactory.nebius.com/v1/chat/completions "HTTP/1.1 200 OK"
2026-07-08 23:38:50,436 - root - INFO - [31;1m[Agent response] \boxed{C20}[0m

2026-07-08 23:38:50,437 - root - INFO - [95m
[Scenario: af48c90d-a335-4864-aef9-792bd80169ff] Agent's answer is C20, ground truth is C9[0m.
2026-07-08 23:38:50,437 - root - INFO - [Scenario a60de966-4009-4609-b1e3-4c40e6a61366] attempt 1/1
2026-07-08 23:38:50,444 - root - INFO - [Tools API] GET /tools params={}
2026-07-08 23:38:50,445 - root - INFO - 
[Scenario: a60de966-4009-4609-b1e3-4c40e6a61366] Investigator round 1, calling tools:
2026-07-08 23:38:51,214 - httpx - INFO - HTTP Request: POST https://api.tokenfactory.nebius.com/v1/chat/completions "HTTP/1.1 200 OK"
2026-07-08 23:38:51,214 - root - INFO - [Request tool call chatcmpl-tool-8123d05c91eabeca] function get_throughput_logs()
2026-07-08 23:38:51,214 - root - INFO - [95m[Executing tool call chatcmpl-tool-8123d05c91eabeca] function get_throughput_logs()[0m
2026-07-08 23:38:51,219 - root - INFO - [Tools API] GET /throughput-logs params={}
2026-07-08 23:38:51,219 - root - INFO - [95m[Tool result] {"Logs": "Timestamp|5G KPI PCell Layer2 MAC DL Throughput [Mbps]\n2024-09-20 22:21:31.449|319.11\n2024-09-20 22:21:32.457|435.01\n2024-09-20 22:21:33.333|551.84\n2024-09-20 22:21:34.447|80.92\n2024-09-20 22:21:35.181|84.37\n2024-09-20 22:21:36.877|98.91\n2024-09-20 22:21:37.813|84.29\n2024-09-20 22:21:38.869|84.21\n2024-09-20 22:21:39.553|100.98\n2024-09-20 22:21:40.896|446.74\n2024-09-20 22:21:41.329|322.14\n2024-09-20 22:21:42.946|575.93\n"} [0m
2026-07-08 23:38:51,219 - root - INFO - 
[Scenario: a60de966-4009-4609-b1e3-4c40e6a61366] Investigator round 2, calling tools:
2026-07-08 23:38:52,272 - httpx - INFO - HTTP Request: POST https://api.tokenfactory.nebius.com/v1/chat/completions "HTTP/1.1 200 OK"
2026-07-08 23:38:52,273 - root - INFO - [Request tool call chatcmpl-tool-bcf147da68a4237c] function get_user_location(time=2024-09-20 22:21:34.447)
2026-07-08 23:38:52,273 - root - INFO - [95m[Executing tool call chatcmpl-tool-bcf147da68a4237c] function get_user_location(time=2024-09-20 22:21:34.447)[0m
2026-07-08 23:38:52,280 - root - INFO - [Tools API] GET /user-location params={'time': '2024-09-20 22:21:34.447'}
2026-07-08 23:38:52,280 - root - INFO - [95m[Tool result] {"Longitude": 121.4656655152, "Latitude": 31.1446247999} [0m
2026-07-08 23:38:52,280 - root - INFO - 
[Scenario: a60de966-4009-4609-b1e3-4c40e6a61366] Investigator round 3, calling tools:
2026-07-08 23:38:53,755 - httpx - INFO - HTTP Request: POST https://api.tokenfactory.nebius.com/v1/chat/completions "HTTP/1.1 200 OK"
2026-07-08 23:38:53,756 - root - INFO - [Request tool call chatcmpl-tool-ac7b8306c8af6920] function get_serving_cell_pci(time=2024-09-20 22:21:34.447)
2026-07-08 23:38:53,756 - root - INFO - [95m[Executing tool call chatcmpl-tool-ac7b8306c8af6920] function get_serving_cell_pci(time=2024-09-20 22:21:34.447)[0m
2026-07-08 23:38:53,763 - root - INFO - [Tools API] GET /serving-cell-pci params={'time': '2024-09-20 22:21:34.447'}
2026-07-08 23:38:53,763 - root - INFO - [95m[Tool result] {"PCI": 736} [0m
2026-07-08 23:38:53,763 - root - INFO - 
[Scenario: a60de966-4009-4609-b1e3-4c40e6a61366] Investigator round 4, calling tools:
2026-07-08 23:38:54,318 - httpx - INFO - HTTP Request: POST https://api.tokenfactory.nebius.com/v1/chat/completions "HTTP/1.1 200 OK"
2026-07-08 23:38:54,319 - root - INFO - [Request tool call chatcmpl-tool-b5819ddb545f1a7c] function get_cell_info(pci=736)
2026-07-08 23:38:54,319 - root - INFO - [95m[Executing tool call chatcmpl-tool-b5819ddb545f1a7c] function get_cell_info(pci=736)[0m
2026-07-08 23:38:54,324 - root - INFO - [Tools API] GET /cell-info params={'pci': 736}
2026-07-08 23:38:54,324 - root - INFO - [95m[Tool result] {"gNodeB ID": 3251703, "Cell ID": 1, "Longitude": 121.4645416307, "Latitude": 31.1477611968, "Mechanical Azimuth": 178, "Mechanical Downtilt": 6, "Digital Tilt": 10, "Height": 41.1, "Duplex Mode": "TDD", "PCI": 736, "Band": "n41", "DL ARFCN": 504990, "BW [MHz]": "100M", "TxRx Mode": "64T64R", "Transmission Power": 26, "ARFCN": 504990, "InterFreqHoEventType": "EVENT_A5", "CovInterFreqA2RsrpThld [dBm]": -105, "InterFreqA2Hyst [0.5dB]": 2, "CovInterFreqA5RsrpThld1 [dBm]": -105, "CovInterFreqA5RsrpThld2 [dBm]": -100, "IntraFreqHoA3Offset [0.5dB]": 6, "IntraFreqHoA3Hyst [0.5dB]": 2, "IntraFreqHoA3TimeToTrig": "ms320", "PCell Neighbor Cell (gNodeBID_ARFCN_PCI)": "[3261305_504990_185,3212823_504990_947,3213695_504990_847]", "PdcchOccupiedSymbolNum": "1SYM", "Digital Azimuth": 0, "Max Transmit Power": 32, "notes": ""} [0m
2026-07-08 23:38:54,324 - root - INFO - 
[Scenario: a60de966-4009-4609-b1e3-4c40e6a61366] Investigator round 5, calling tools:
2026-07-08 23:38:55,564 - httpx - INFO - HTTP Request: POST https://api.tokenfactory.nebius.com/v1/chat/completions "HTTP/1.1 200 OK"
2026-07-08 23:38:55,564 - root - INFO - [Request tool call chatcmpl-tool-a036a3f484a2f875] function get_serving_cell_rsrp(time=2024-09-20 22:21:34.447)
2026-07-08 23:38:55,564 - root - INFO - [95m[Executing tool call chatcmpl-tool-a036a3f484a2f875] function get_serving_cell_rsrp(time=2024-09-20 22:21:34.447)[0m
2026-07-08 23:38:55,570 - root - INFO - [Tools API] GET /serving-cell-rsrp params={'time': '2024-09-20 22:21:34.447'}
2026-07-08 23:38:55,570 - root - INFO - [95m[Tool result] {"SS-RSRP (dBm)": -86.43} [0m
2026-07-08 23:38:55,570 - root - INFO - 
[Scenario: a60de966-4009-4609-b1e3-4c40e6a61366] Investigator round 6, calling tools:
2026-07-08 23:38:56,462 - httpx - INFO - HTTP Request: POST https://api.tokenfactory.nebius.com/v1/chat/completions "HTTP/1.1 200 OK"
2026-07-08 23:38:56,462 - root - INFO - [Request tool call chatcmpl-tool-ad3253c063fff0f8] function get_serving_cell_sinr(time=2024-09-20 22:21:34.447)
2026-07-08 23:38:56,462 - root - INFO - [95m[Executing tool call chatcmpl-tool-ad3253c063fff0f8] function get_serving_cell_sinr(time=2024-09-20 22:21:34.447)[0m
2026-07-08 23:38:56,469 - root - INFO - [Tools API] GET /serving-cell-sinr params={'time': '2024-09-20 22:21:34.447'}
2026-07-08 23:38:56,469 - root - INFO - [95m[Tool result] {"SS-SINR (dB)": 15.52} [0m
2026-07-08 23:38:56,469 - root - INFO - 
[Scenario: a60de966-4009-4609-b1e3-4c40e6a61366] Investigator round 7, calling tools:
2026-07-08 23:38:57,550 - httpx - INFO - HTTP Request: POST https://api.tokenfactory.nebius.com/v1/chat/completions "HTTP/1.1 200 OK"
2026-07-08 23:38:57,551 - root - INFO - [Request tool call chatcmpl-tool-992e815f9d139210] function get_neighboring_cells_pci(time=2024-09-20 22:21:34.447)
2026-07-08 23:38:57,551 - root - INFO - [95m[Executing tool call chatcmpl-tool-992e815f9d139210] function get_neighboring_cells_pci(time=2024-09-20 22:21:34.447)[0m
2026-07-08 23:38:57,559 - root - INFO - [Tools API] GET /neighboring-cells-pci params={'time': '2024-09-20 22:21:34.447'}
2026-07-08 23:38:57,559 - root - INFO - [95m[Tool result] {"PCIs": [847, 185, 947]} [0m
2026-07-08 23:38:57,559 - root - INFO - 
[Scenario: a60de966-4009-4609-b1e3-4c40e6a61366] Investigator round 8, calling tools:
2026-07-08 23:38:58,766 - httpx - INFO - HTTP Request: POST https://api.tokenfactory.nebius.com/v1/chat/completions "HTTP/1.1 200 OK"
2026-07-08 23:38:58,768 - root - INFO - [Request tool call chatcmpl-tool-a3e77e0d1f424f1d] function get_neighboring_cell_rsrp(time=2024-09-20 22:21:34.447, pci=847)
2026-07-08 23:38:58,768 - root - INFO - [95m[Executing tool call chatcmpl-tool-a3e77e0d1f424f1d] function get_neighboring_cell_rsrp(time=2024-09-20 22:21:34.447, pci=847)[0m
2026-07-08 23:38:58,779 - root - INFO - [Tools API] GET /neighboring-cell-rsrp params={'time': '2024-09-20 22:21:34.447', 'pci': 847}
2026-07-08 23:38:58,779 - root - INFO - [95m[Tool result] {"Filtered Tx BRSRP [dBm]": -89.0} [0m
2026-07-08 23:38:58,779 - root - INFO - 
[Scenario: a60de966-4009-4609-b1e3-4c40e6a61366] Investigator round 9, calling tools:
2026-07-08 23:39:00,025 - httpx - INFO - HTTP Request: POST https://api.tokenfactory.nebius.com/v1/chat/completions "HTTP/1.1 200 OK"
2026-07-08 23:39:00,027 - root - INFO - [Request tool call chatcmpl-tool-9f932254fb18b6c4] function get_neighboring_cell_rsrp(time=2024-09-20 22:21:34.447, pci=185)
2026-07-08 23:39:00,027 - root - INFO - [95m[Executing tool call chatcmpl-tool-9f932254fb18b6c4] function get_neighboring_cell_rsrp(time=2024-09-20 22:21:34.447, pci=185)[0m
2026-07-08 23:39:00,044 - root - INFO - [Tools API] GET /neighboring-cell-rsrp params={'time': '2024-09-20 22:21:34.447', 'pci': 185}
2026-07-08 23:39:00,044 - root - INFO - [95m[Tool result] {"Filtered Tx BRSRP [dBm]": -100.0} [0m
2026-07-08 23:39:00,044 - root - INFO - 
[Scenario: a60de966-4009-4609-b1e3-4c40e6a61366] Investigator round 10, calling tools:
2026-07-08 23:39:01,303 - httpx - INFO - HTTP Request: POST https://api.tokenfactory.nebius.com/v1/chat/completions "HTTP/1.1 200 OK"
2026-07-08 23:39:01,305 - root - INFO - [Request tool call chatcmpl-tool-8756778ff065def4] function get_neighboring_cell_rsrp(time=2024-09-20 22:21:34.447, pci=947)
2026-07-08 23:39:01,305 - root - INFO - [95m[Executing tool call chatcmpl-tool-8756778ff065def4] function get_neighboring_cell_rsrp(time=2024-09-20 22:21:34.447, pci=947)[0m
2026-07-08 23:39:01,313 - root - INFO - [Tools API] GET /neighboring-cell-rsrp params={'time': '2024-09-20 22:21:34.447', 'pci': 947}
2026-07-08 23:39:01,313 - root - INFO - [95m[Tool result] {"Filtered Tx BRSRP [dBm]": -105.0} [0m
2026-07-08 23:39:01,313 - root - INFO - 
[Scenario: a60de966-4009-4609-b1e3-4c40e6a61366] Investigator round 11, calling tools:
2026-07-08 23:39:01,964 - httpx - INFO - HTTP Request: POST https://api.tokenfactory.nebius.com/v1/chat/completions "HTTP/1.1 200 OK"
2026-07-08 23:39:01,965 - root - INFO - [Request tool call chatcmpl-tool-98651d7f9f9cfecb] function get_cell_info(pci=847)
2026-07-08 23:39:01,965 - root - INFO - [95m[Executing tool call chatcmpl-tool-98651d7f9f9cfecb] function get_cell_info(pci=847)[0m
2026-07-08 23:39:01,970 - root - INFO - [Tools API] GET /cell-info params={'pci': 847}
2026-07-08 23:39:01,970 - root - INFO - [95m[Tool result] {"gNodeB ID": 3213695, "Cell ID": 4, "Longitude": 121.4686844977, "Latitude": 31.1517949525, "Mechanical Azimuth": 120, "Mechanical Downtilt": 14, "Digital Tilt": 12, "Height": 27.8, "Duplex Mode": "TDD", "PCI": 847, "Band": "n41", "DL ARFCN": 504990, "BW [MHz]": "100M", "TxRx Mode": "64T64R", "Transmission Power": 25, "ARFCN": 504990, "InterFreqHoEventType": "EVENT_A5", "CovInterFreqA2RsrpThld [dBm]": -105, "InterFreqA2Hyst [0.5dB]": 2, "CovInterFreqA5RsrpThld1 [dBm]": -105, "CovInterFreqA5RsrpThld2 [dBm]": -100, "IntraFreqHoA3Offset [0.5dB]": 6, "IntraFreqHoA3Hyst [0.5dB]": 2, "IntraFreqHoA3TimeToTrig": "ms320", "PCell Neighbor Cell (gNodeBID_ARFCN_PCI)": "[3251703_504990_736,3261305_504990_185,3212823_504990_947]", "PdcchOccupiedSymbolNum": "1SYM", "Digital Azimuth": 0, "Max Transmit Power": 32, "notes": ""} [0m
2026-07-08 23:39:01,970 - root - INFO - 
[Scenario: a60de966-4009-4609-b1e3-4c40e6a61366] Investigator round 12, calling tools:
2026-07-08 23:39:03,193 - httpx - INFO - HTTP Request: POST https://api.tokenfactory.nebius.com/v1/chat/completions "HTTP/1.1 200 OK"
2026-07-08 23:39:03,194 - root - INFO - [Request tool call chatcmpl-tool-9d376ed455623ac6] function get_rbs_allocated_to_user(time=2024-09-20 22:21:34.447)
2026-07-08 23:39:03,194 - root - INFO - [95m[Executing tool call chatcmpl-tool-9d376ed455623ac6] function get_rbs_allocated_to_user(time=2024-09-20 22:21:34.447)[0m
2026-07-08 23:39:03,200 - root - INFO - [Tools API] GET /rbs-allocated-to-user params={'time': '2024-09-20 22:21:34.447'}
2026-07-08 23:39:03,200 - root - INFO - [95m[Tool result] {"RBs": 264.0} [0m
2026-07-08 23:39:03,200 - root - INFO - 
[Scenario: a60de966-4009-4609-b1e3-4c40e6a61366] Investigator round 13, calling tools:
2026-07-08 23:39:03,659 - httpx - INFO - HTTP Request: POST https://api.tokenfactory.nebius.com/v1/chat/completions "HTTP/1.1 200 OK"
2026-07-08 23:39:03,660 - root - INFO - [Request tool call chatcmpl-tool-a649c8184ea4a605] function get_kpi_data()
2026-07-08 23:39:03,660 - root - INFO - [95m[Executing tool call chatcmpl-tool-a649c8184ea4a605] function get_kpi_data()[0m
2026-07-08 23:39:03,665 - root - INFO - [Tools API] GET /get_kpi_data params={}
2026-07-08 23:39:03,665 - root - INFO - [95m[Tool result] {"Traffic Data": "Day\\Hour|gNodeB_ID|Cell_ID|Uplink PRB utilization(%)|Downlink PRB utilization(%)|Uplink PRB Interference(dBm)|User Uplink Throughput(Mbps)|User Downlink Throughput(Mbps)|Downlink Weak Coversge Ratio|TA>1KM Ratio|Uplink CCE utilization(%)|Downlink CCE utilization(%)|Uplink CCE Allocation Success Rate(%)|Downlink CCE Allocation Success Rate(%)\r\n2024_09_20 22:00|3251703|1|6.9008|12.7440|-117.2934|17.9719|115.6401|0.0060|0.0084|0.1414|0.2673|94.797|96.102\r\n2024_09_20 22:00|3261305|2|8.6977|7.4586|-114.7346|15.6117|171.3728|0.0096|0.0147|0.1407|0.2020|94.356|91.079\r\n2024_09_20 22:00|3212823|3|11.5891|13.0256|-114.4295|13.3051|88.2685|0.0131|0.0167|0.1065|0.1540|95.404|93.369\r\n2024_09_20 22:00|3213695|4|18.2741|7.4972|-115.7986|15.3911|158.6867|0.0004|0.0026|0.1724|0.1036|94.238|95.496\r\n"} [0m
2026-07-08 23:39:03,665 - root - INFO - 
[Scenario: a60de966-4009-4609-b1e3-4c40e6a61366] Investigator round 14, calling tools:
2026-07-08 23:39:04,829 - httpx - INFO - HTTP Request: POST https://api.tokenfactory.nebius.com/v1/chat/completions "HTTP/1.1 200 OK"
2026-07-08 23:39:04,832 - root - INFO - [Request tool call chatcmpl-tool-89b157cff6d928fa] function get_signaling_plane_event_log(time=2024-09-20 22:21:34.447)
2026-07-08 23:39:04,832 - root - INFO - [95m[Executing tool call chatcmpl-tool-89b157cff6d928fa] function get_signaling_plane_event_log(time=2024-09-20 22:21:34.447)[0m
2026-07-08 23:39:04,845 - root - INFO - [Tools API] GET /signaling-plane-event-log params={'time': '2024-09-20 22:21:34.447'}
2026-07-08 23:39:04,845 - root - INFO - [95m[Tool result] "Timestamp|Event Name|Event Content\n2024-09-20 22:21:31.286|NRRandomAccessAttempt|\n2024-09-20 22:21:31.309|NRRandomAccessSuc|Delay：23ms\n2024-09-20 22:21:31.453|NREventA2MeasConfig|measId:1;NR-ARFCN:504990;a2-Threshold RSRP:-105;hysteresis:1;timeToTrigger:ms320\n2024-09-20 22:21:31.453|NREventA3MeasConfig|measId:2;NR-ARFCN:504990;a3-Offset RSRP:5;hysteresis:1;timeToTrigger:ms320\n" [0m
2026-07-08 23:39:04,845 - root - INFO - 
[Scenario: a60de966-4009-4609-b1e3-4c40e6a61366] Investigator round 15, calling tools:
2026-07-08 23:39:06,677 - httpx - INFO - HTTP Request: POST https://api.tokenfactory.nebius.com/v1/chat/completions "HTTP/1.1 200 OK"
2026-07-08 23:39:06,679 - root - INFO - [Request tool call chatcmpl-tool-a7e313870b68f8b8] function judge_mainlobe_or_not(time=2024-09-20 22:21:34.447, pci=736)
2026-07-08 23:39:06,680 - root - INFO - [95m[Executing tool call chatcmpl-tool-a7e313870b68f8b8] function judge_mainlobe_or_not(time=2024-09-20 22:21:34.447, pci=736)[0m
2026-07-08 23:39:06,700 - root - INFO - [Tools API] GET /judge_mainlobe params={'time': '2024-09-20 22:21:34.447', 'pci': 736}
2026-07-08 23:39:06,700 - root - INFO - [95m[Tool result] {"Outside_Mainlobe_Flag": true} [0m
2026-07-08 23:39:06,701 - root - INFO - 
[Scenario: a60de966-4009-4609-b1e3-4c40e6a61366] Investigator forcing structured evidence report:
2026-07-08 23:39:23,265 - httpx - INFO - HTTP Request: POST https://api.tokenfactory.nebius.com/v1/chat/completions "HTTP/1.1 200 OK"
2026-07-08 23:39:23,673 - httpx - INFO - HTTP Request: POST https://api.tokenfactory.nebius.com/v1/chat/completions "HTTP/1.1 200 OK"
2026-07-08 23:39:23,674 - root - INFO - [31;1m[Agent response] \boxed{C1}[0m

2026-07-08 23:39:23,674 - root - INFO - [95m
[Scenario: a60de966-4009-4609-b1e3-4c40e6a61366] Agent's answer is C1, ground truth is C10[0m.
2026-07-08 23:39:23,674 - root - INFO - [Scenario be9c0764-b59e-4020-914c-b0baec18dd8b] attempt 1/1
2026-07-08 23:39:23,677 - root - INFO - [Tools API] GET /tools params={}
2026-07-08 23:39:23,677 - root - INFO - 
[Scenario: be9c0764-b59e-4020-914c-b0baec18dd8b] Investigator round 1, calling tools:
2026-07-08 23:39:24,370 - httpx - INFO - HTTP Request: POST https://api.tokenfactory.nebius.com/v1/chat/completions "HTTP/1.1 200 OK"
2026-07-08 23:39:24,371 - root - INFO - [Request tool call chatcmpl-tool-863e49d737d8c159] function get_throughput_logs()
2026-07-08 23:39:24,371 - root - INFO - [95m[Executing tool call chatcmpl-tool-863e49d737d8c159] function get_throughput_logs()[0m
2026-07-08 23:39:24,376 - root - INFO - [Tools API] GET /throughput-logs params={}
2026-07-08 23:39:24,376 - root - INFO - [95m[Tool result] {"Logs": "Timestamp|5G KPI PCell Layer2 MAC DL Throughput [Mbps]\n2024-09-20 22:21:31.682|387.32\n2024-09-20 22:21:32.404|461.62\n2024-09-20 22:21:33.712|478.9\n2024-09-20 22:21:34.884|76.75\n2024-09-20 22:21:35.360|97.48\n2024-09-20 22:21:36.808|85.12\n2024-09-20 22:21:37.349|61.36\n2024-09-20 22:21:38.678|98.0\n2024-09-20 22:21:39.467|55.25\n2024-09-20 22:21:40.936|459.0\n2024-09-20 22:21:41.567|461.74\n2024-09-20 22:21:42.619|423.2\n"} [0m
2026-07-08 23:39:24,376 - root - INFO - 
[Scenario: be9c0764-b59e-4020-914c-b0baec18dd8b] Investigator round 2, calling tools:
2026-07-08 23:39:25,265 - httpx - INFO - HTTP Request: POST https://api.tokenfactory.nebius.com/v1/chat/completions "HTTP/1.1 200 OK"
2026-07-08 23:39:25,268 - root - INFO - [Request tool call chatcmpl-tool-b2a7274a2ffc7afb] function get_serving_cell_pci(time=2024-09-20 22:21:34.884)
2026-07-08 23:39:25,268 - root - INFO - [95m[Executing tool call chatcmpl-tool-b2a7274a2ffc7afb] function get_serving_cell_pci(time=2024-09-20 22:21:34.884)[0m
2026-07-08 23:39:25,282 - root - INFO - [Tools API] GET /serving-cell-pci params={'time': '2024-09-20 22:21:34.884'}
2026-07-08 23:39:25,283 - root - INFO - [95m[Tool result] {"PCI": 693} [0m
2026-07-08 23:39:25,283 - root - INFO - 
[Scenario: be9c0764-b59e-4020-914c-b0baec18dd8b] Investigator round 3, calling tools:
2026-07-08 23:39:25,926 - httpx - INFO - HTTP Request: POST https://api.tokenfactory.nebius.com/v1/chat/completions "HTTP/1.1 200 OK"
2026-07-08 23:39:25,927 - root - INFO - [Request tool call chatcmpl-tool-a5dac8e9cfda2172] function get_cell_info(pci=693)
2026-07-08 23:39:25,927 - root - INFO - [95m[Executing tool call chatcmpl-tool-a5dac8e9cfda2172] function get_cell_info(pci=693)[0m
2026-07-08 23:39:25,932 - root - INFO - [Tools API] GET /cell-info params={'pci': 693}
2026-07-08 23:39:25,932 - root - INFO - [95m[Tool result] {"gNodeB ID": 3230193, "Cell ID": 3, "Longitude": 121.4713592684, "Latitude": 31.1497076213, "Mechanical Azimuth": 208, "Mechanical Downtilt": 4, "Digital Tilt": 5, "Height": 15.3, "Duplex Mode": "TDD", "PCI": 693, "Band": "n41", "DL ARFCN": 504990, "BW [MHz]": "100M", "TxRx Mode": "64T64R", "Transmission Power": 14, "ARFCN": 504990, "InterFreqHoEventType": "EVENT_A5", "CovInterFreqA2RsrpThld [dBm]": -105, "InterFreqA2Hyst [0.5dB]": 2, "CovInterFreqA5RsrpThld1 [dBm]": -105, "CovInterFreqA5RsrpThld2 [dBm]": -100, "IntraFreqHoA3Offset [0.5dB]": 6, "IntraFreqHoA3Hyst [0.5dB]": 2, "IntraFreqHoA3TimeToTrig": "ms320", "PCell Neighbor Cell (gNodeBID_ARFCN_PCI)": "[3247813_504990_608,3239893_504990_841,3232154_504990_631]", "PdcchOccupiedSymbolNum": "1SYM", "Digital Azimuth": 0, "Max Transmit Power": 32, "notes": ""} [0m
2026-07-08 23:39:25,932 - root - INFO - 
[Scenario: be9c0764-b59e-4020-914c-b0baec18dd8b] Investigator round 4, calling tools:
2026-07-08 23:39:26,940 - httpx - INFO - HTTP Request: POST https://api.tokenfactory.nebius.com/v1/chat/completions "HTTP/1.1 200 OK"
2026-07-08 23:39:26,941 - root - INFO - [Request tool call chatcmpl-tool-8916951c1c6adf85] function get_serving_cell_rsrp(time=2024-09-20 22:21:34.884)
2026-07-08 23:39:26,941 - root - INFO - [95m[Executing tool call chatcmpl-tool-8916951c1c6adf85] function get_serving_cell_rsrp(time=2024-09-20 22:21:34.884)[0m
2026-07-08 23:39:26,947 - root - INFO - [Tools API] GET /serving-cell-rsrp params={'time': '2024-09-20 22:21:34.884'}
2026-07-08 23:39:26,947 - root - INFO - [95m[Tool result] {"SS-RSRP (dBm)": -88.66} [0m
2026-07-08 23:39:26,947 - root - INFO - 
[Scenario: be9c0764-b59e-4020-914c-b0baec18dd8b] Investigator round 5, calling tools:
2026-07-08 23:39:27,974 - httpx - INFO - HTTP Request: POST https://api.tokenfactory.nebius.com/v1/chat/completions "HTTP/1.1 200 OK"
2026-07-08 23:39:27,975 - root - INFO - [Request tool call chatcmpl-tool-b4f062f19478330c] function get_serving_cell_sinr(time=2024-09-20 22:21:34.884)
2026-07-08 23:39:27,975 - root - INFO - [95m[Executing tool call chatcmpl-tool-b4f062f19478330c] function get_serving_cell_sinr(time=2024-09-20 22:21:34.884)[0m
2026-07-08 23:39:27,981 - root - INFO - [Tools API] GET /serving-cell-sinr params={'time': '2024-09-20 22:21:34.884'}
2026-07-08 23:39:27,981 - root - INFO - [95m[Tool result] {"SS-SINR (dB)": 12.38} [0m
2026-07-08 23:39:27,981 - root - INFO - 
[Scenario: be9c0764-b59e-4020-914c-b0baec18dd8b] Investigator round 6, calling tools:
2026-07-08 23:39:29,023 - httpx - INFO - HTTP Request: POST https://api.tokenfactory.nebius.com/v1/chat/completions "HTTP/1.1 200 OK"
2026-07-08 23:39:29,026 - root - INFO - [Request tool call chatcmpl-tool-8bf21aee31d147b4] function get_neighboring_cells_pci(time=2024-09-20 22:21:34.884)
2026-07-08 23:39:29,026 - root - INFO - [95m[Executing tool call chatcmpl-tool-8bf21aee31d147b4] function get_neighboring_cells_pci(time=2024-09-20 22:21:34.884)[0m
2026-07-08 23:39:29,033 - root - INFO - [Tools API] GET /neighboring-cells-pci params={'time': '2024-09-20 22:21:34.884'}
2026-07-08 23:39:29,033 - root - INFO - [95m[Tool result] {"PCIs": [608, 841, 631]} [0m
2026-07-08 23:39:29,033 - root - INFO - 
[Scenario: be9c0764-b59e-4020-914c-b0baec18dd8b] Investigator round 7, calling tools:
2026-07-08 23:39:30,157 - httpx - INFO - HTTP Request: POST https://api.tokenfactory.nebius.com/v1/chat/completions "HTTP/1.1 200 OK"
2026-07-08 23:39:30,158 - root - INFO - [Request tool call chatcmpl-tool-9188b75f6fce3566] function get_neighboring_cell_rsrp(time=2024-09-20 22:21:34.884, pci=608)
2026-07-08 23:39:30,158 - root - INFO - [95m[Executing tool call chatcmpl-tool-9188b75f6fce3566] function get_neighboring_cell_rsrp(time=2024-09-20 22:21:34.884, pci=608)[0m
2026-07-08 23:39:30,165 - root - INFO - [Tools API] GET /neighboring-cell-rsrp params={'time': '2024-09-20 22:21:34.884', 'pci': 608}
2026-07-08 23:39:30,166 - root - INFO - [95m[Tool result] {"Filtered Tx BRSRP [dBm]": -88.0} [0m
2026-07-08 23:39:30,166 - root - INFO - 
[Scenario: be9c0764-b59e-4020-914c-b0baec18dd8b] Investigator round 8, calling tools:
2026-07-08 23:39:31,870 - httpx - INFO - HTTP Request: POST https://api.tokenfactory.nebius.com/v1/chat/completions "HTTP/1.1 200 OK"
2026-07-08 23:39:31,872 - root - INFO - [Request tool call chatcmpl-tool-9c9f025d9ca85225] function get_neighboring_cell_rsrp(time=2024-09-20 22:21:34.884, pci=841)
2026-07-08 23:39:31,872 - root - INFO - [95m[Executing tool call chatcmpl-tool-9c9f025d9ca85225] function get_neighboring_cell_rsrp(time=2024-09-20 22:21:34.884, pci=841)[0m
2026-07-08 23:39:31,893 - root - INFO - [Tools API] GET /neighboring-cell-rsrp params={'time': '2024-09-20 22:21:34.884', 'pci': 841}
2026-07-08 23:39:31,893 - root - INFO - [95m[Tool result] {"Filtered Tx BRSRP [dBm]": -96.0} [0m
2026-07-08 23:39:31,893 - root - INFO - 
[Scenario: be9c0764-b59e-4020-914c-b0baec18dd8b] Investigator round 9, calling tools:
2026-07-08 23:39:33,096 - httpx - INFO - HTTP Request: POST https://api.tokenfactory.nebius.com/v1/chat/completions "HTTP/1.1 200 OK"
2026-07-08 23:39:33,098 - root - INFO - [Request tool call chatcmpl-tool-8d114c377b0d99ca] function get_neighboring_cell_rsrp(time=2024-09-20 22:21:34.884, pci=631)
2026-07-08 23:39:33,099 - root - INFO - [95m[Executing tool call chatcmpl-tool-8d114c377b0d99ca] function get_neighboring_cell_rsrp(time=2024-09-20 22:21:34.884, pci=631)[0m
2026-07-08 23:39:33,117 - root - INFO - [Tools API] GET /neighboring-cell-rsrp params={'time': '2024-09-20 22:21:34.884', 'pci': 631}
2026-07-08 23:39:33,117 - root - INFO - [95m[Tool result] {"Filtered Tx BRSRP [dBm]": -110.0} [0m
2026-07-08 23:39:33,117 - root - INFO - 
[Scenario: be9c0764-b59e-4020-914c-b0baec18dd8b] Investigator round 10, calling tools:
2026-07-08 23:39:33,779 - httpx - INFO - HTTP Request: POST https://api.tokenfactory.nebius.com/v1/chat/completions "HTTP/1.1 200 OK"
2026-07-08 23:39:33,780 - root - INFO - [Request tool call chatcmpl-tool-90ffe894b5755a60] function get_cell_info(pci=608)
2026-07-08 23:39:33,780 - root - INFO - [95m[Executing tool call chatcmpl-tool-90ffe894b5755a60] function get_cell_info(pci=608)[0m
2026-07-08 23:39:33,785 - root - INFO - [Tools API] GET /cell-info params={'pci': 608}
2026-07-08 23:39:33,785 - root - INFO - [95m[Tool result] {"gNodeB ID": 3247813, "Cell ID": 1, "Longitude": 121.4715634552, "Latitude": 31.1461574452, "Mechanical Azimuth": 321, "Mechanical Downtilt": 6, "Digital Tilt": 6, "Height": 18.2, "Duplex Mode": "TDD", "PCI": 608, "Band": "n41", "DL ARFCN": 504990, "BW [MHz]": "100M", "TxRx Mode": "64T64R", "Transmission Power": 16, "ARFCN": 504990, "InterFreqHoEventType": "EVENT_A5", "CovInterFreqA2RsrpThld [dBm]": -105, "InterFreqA2Hyst [0.5dB]": 2, "CovInterFreqA5RsrpThld1 [dBm]": -105, "CovInterFreqA5RsrpThld2 [dBm]": -100, "IntraFreqHoA3Offset [0.5dB]": 6, "IntraFreqHoA3Hyst [0.5dB]": 2, "IntraFreqHoA3TimeToTrig": "ms320", "PCell Neighbor Cell (gNodeBID_ARFCN_PCI)": "[3239893_504990_841,3230193_504990_693,3232154_504990_631]", "PdcchOccupiedSymbolNum": "1SYM", "Digital Azimuth": 0, "Max Transmit Power": 32, "notes": ""} [0m
2026-07-08 23:39:33,785 - root - INFO - 
[Scenario: be9c0764-b59e-4020-914c-b0baec18dd8b] Investigator round 11, calling tools:
2026-07-08 23:39:34,489 - httpx - INFO - HTTP Request: POST https://api.tokenfactory.nebius.com/v1/chat/completions "HTTP/1.1 200 OK"
2026-07-08 23:39:34,490 - root - INFO - [Request tool call chatcmpl-tool-8571544d5dbc2dd4] function get_cell_info(pci=841)
2026-07-08 23:39:34,490 - root - INFO - [95m[Executing tool call chatcmpl-tool-8571544d5dbc2dd4] function get_cell_info(pci=841)[0m
2026-07-08 23:39:34,494 - root - INFO - [Tools API] GET /cell-info params={'pci': 841}
2026-07-08 23:39:34,495 - root - INFO - [95m[Tool result] {"gNodeB ID": 3239893, "Cell ID": 2, "Longitude": 121.4756695962, "Latitude": 31.1510565872, "Mechanical Azimuth": 64, "Mechanical Downtilt": 1, "Digital Tilt": 4, "Height": 16.3, "Duplex Mode": "TDD", "PCI": 841, "Band": "n41", "DL ARFCN": 504990, "BW [MHz]": "100M", "TxRx Mode": "64T64R", "Transmission Power": 15, "ARFCN": 504990, "InterFreqHoEventType": "EVENT_A5", "CovInterFreqA2RsrpThld [dBm]": -105, "InterFreqA2Hyst [0.5dB]": 2, "CovInterFreqA5RsrpThld1 [dBm]": -105, "CovInterFreqA5RsrpThld2 [dBm]": -100, "IntraFreqHoA3Offset [0.5dB]": 6, "IntraFreqHoA3Hyst [0.5dB]": 2, "IntraFreqHoA3TimeToTrig": "ms320", "PCell Neighbor Cell (gNodeBID_ARFCN_PCI)": "[3247813_504990_608,3230193_504990_693,3232154_504990_631]", "PdcchOccupiedSymbolNum": "1SYM", "Digital Azimuth": 0, "Max Transmit Power": 32, "notes": ""} [0m
2026-07-08 23:39:34,495 - root - INFO - 
[Scenario: be9c0764-b59e-4020-914c-b0baec18dd8b] Investigator round 12, calling tools:
2026-07-08 23:39:35,210 - httpx - INFO - HTTP Request: POST https://api.tokenfactory.nebius.com/v1/chat/completions "HTTP/1.1 200 OK"
2026-07-08 23:39:35,210 - root - INFO - [Request tool call chatcmpl-tool-a64efc3324e4f284] function get_gnodeb_location(pci=693)
2026-07-08 23:39:35,211 - root - INFO - [95m[Executing tool call chatcmpl-tool-a64efc3324e4f284] function get_gnodeb_location(pci=693)[0m
2026-07-08 23:39:35,215 - root - INFO - [Tools API] GET /gnodeb-location params={'pci': 693}
2026-07-08 23:39:35,215 - root - INFO - [95m[Tool result] {"Longitude": 121.4713592684, "Latitude": 31.1497076213} [0m
2026-07-08 23:39:35,215 - root - INFO - 
[Scenario: be9c0764-b59e-4020-914c-b0baec18dd8b] Investigator round 13, calling tools:
2026-07-08 23:39:36,065 - httpx - INFO - HTTP Request: POST https://api.tokenfactory.nebius.com/v1/chat/completions "HTTP/1.1 200 OK"
2026-07-08 23:39:36,066 - root - INFO - [Request tool call chatcmpl-tool-9ca25865eb30de52] function get_gnodeb_location(pci=608)
2026-07-08 23:39:36,067 - root - INFO - [95m[Executing tool call chatcmpl-tool-9ca25865eb30de52] function get_gnodeb_location(pci=608)[0m
2026-07-08 23:39:36,079 - root - INFO - [Tools API] GET /gnodeb-location params={'pci': 608}
2026-07-08 23:39:36,079 - root - INFO - [95m[Tool result] {"Longitude": 121.4715634552, "Latitude": 31.1461574452} [0m
2026-07-08 23:39:36,079 - root - INFO - 
[Scenario: be9c0764-b59e-4020-914c-b0baec18dd8b] Investigator round 14, calling tools:
2026-07-08 23:39:36,736 - httpx - INFO - HTTP Request: POST https://api.tokenfactory.nebius.com/v1/chat/completions "HTTP/1.1 200 OK"
2026-07-08 23:39:36,737 - root - INFO - [Request tool call chatcmpl-tool-b491ccee87981007] function get_gnodeb_location(pci=841)
2026-07-08 23:39:36,737 - root - INFO - [95m[Executing tool call chatcmpl-tool-b491ccee87981007] function get_gnodeb_location(pci=841)[0m
2026-07-08 23:39:36,745 - root - INFO - [Tools API] GET /gnodeb-location params={'pci': 841}
2026-07-08 23:39:36,745 - root - INFO - [95m[Tool result] {"Longitude": 121.4756695962, "Latitude": 31.1510565872} [0m
2026-07-08 23:39:36,745 - root - INFO - 
[Scenario: be9c0764-b59e-4020-914c-b0baec18dd8b] Investigator round 15, calling tools:
2026-07-08 23:39:37,912 - httpx - INFO - HTTP Request: POST https://api.tokenfactory.nebius.com/v1/chat/completions "HTTP/1.1 200 OK"
2026-07-08 23:39:37,914 - root - INFO - [Request tool call chatcmpl-tool-b38921311abe587b] function get_user_location(time=2024-09-20 22:21:34.884)
2026-07-08 23:39:37,914 - root - INFO - [95m[Executing tool call chatcmpl-tool-b38921311abe587b] function get_user_location(time=2024-09-20 22:21:34.884)[0m
2026-07-08 23:39:37,929 - root - INFO - [Tools API] GET /user-location params={'time': '2024-09-20 22:21:34.884'}
2026-07-08 23:39:37,929 - root - INFO - [95m[Tool result] {"Longitude": 121.4656748456, "Latitude": 31.1446319241} [0m
2026-07-08 23:39:37,929 - root - INFO - 
[Scenario: be9c0764-b59e-4020-914c-b0baec18dd8b] Investigator forcing structured evidence report:
2026-07-08 23:39:51,120 - httpx - INFO - HTTP Request: POST https://api.tokenfactory.nebius.com/v1/chat/completions "HTTP/1.1 200 OK"
2026-07-08 23:39:51,630 - httpx - INFO - HTTP Request: POST https://api.tokenfactory.nebius.com/v1/chat/completions "HTTP/1.1 200 OK"
2026-07-08 23:39:51,630 - root - INFO - [31;1m[Agent response] \boxed{C17}[0m

2026-07-08 23:39:51,631 - root - INFO - [95m
[Scenario: be9c0764-b59e-4020-914c-b0baec18dd8b] Agent's answer is C17, ground truth is C13[0m.
2026-07-08 23:39:51,631 - root - INFO - [Scenario 8fbe9492-d54a-4507-adb1-2a2bdd5ae757] attempt 1/1
2026-07-08 23:39:51,634 - root - INFO - [Tools API] GET /tools params={}
2026-07-08 23:39:51,634 - root - INFO - 
[Scenario: 8fbe9492-d54a-4507-adb1-2a2bdd5ae757] Investigator round 1, calling tools:
2026-07-08 23:39:52,329 - httpx - INFO - HTTP Request: POST https://api.tokenfactory.nebius.com/v1/chat/completions "HTTP/1.1 200 OK"
2026-07-08 23:39:52,330 - root - INFO - [Request tool call chatcmpl-tool-9c5d7e56f4baa88d] function get_throughput_logs()
2026-07-08 23:39:52,330 - root - INFO - [95m[Executing tool call chatcmpl-tool-9c5d7e56f4baa88d] function get_throughput_logs()[0m
2026-07-08 23:39:52,337 - root - INFO - [Tools API] GET /throughput-logs params={}
2026-07-08 23:39:52,338 - root - INFO - [95m[Tool result] {"Logs": "Timestamp|5G KPI PCell Layer2 MAC DL Throughput [Mbps]\n2024-09-20 22:21:31.858|461.28\n2024-09-20 22:21:32.902|580.72\n2024-09-20 22:21:33.460|349.78\n2024-09-20 22:21:34.112|90.87\n2024-09-20 22:21:35.520|76.11\n2024-09-20 22:21:36.234|68.48\n2024-09-20 22:21:37.368|89.53\n2024-09-20 22:21:38.842|47.15\n2024-09-20 22:21:39.235|62.27\n2024-09-20 22:21:40.387|388.87\n2024-09-20 22:21:41.235|441.5\n2024-09-20 22:21:42.232|334.21\n"} [0m
2026-07-08 23:39:52,338 - root - INFO - 
[Scenario: 8fbe9492-d54a-4507-adb1-2a2bdd5ae757] Investigator round 2, calling tools:
2026-07-08 23:39:53,370 - httpx - INFO - HTTP Request: POST https://api.tokenfactory.nebius.com/v1/chat/completions "HTTP/1.1 200 OK"
2026-07-08 23:39:53,371 - root - INFO - [Request tool call chatcmpl-tool-a8aea895afd77488] function get_serving_cell_pci(time=2024-09-20 22:21:34.219)
2026-07-08 23:39:53,371 - root - INFO - [95m[Executing tool call chatcmpl-tool-a8aea895afd77488] function get_serving_cell_pci(time=2024-09-20 22:21:34.219)[0m
2026-07-08 23:39:53,377 - root - INFO - [Tools API] GET /serving-cell-pci params={'time': '2024-09-20 22:21:34.219'} -> HTTPError: No serving cell PCI found for time 2024-09-20 22:21:34.219
2026-07-08 23:39:53,377 - root - INFO - [95m[Tool result] {"error": "No serving cell PCI found for time 2024-09-20 22:21:34.219"} [0m
2026-07-08 23:39:53,377 - root - INFO - 
[Scenario: 8fbe9492-d54a-4507-adb1-2a2bdd5ae757] Investigator round 3, calling tools:
2026-07-08 23:39:54,193 - httpx - INFO - HTTP Request: POST https://api.tokenfactory.nebius.com/v1/chat/completions "HTTP/1.1 200 OK"
2026-07-08 23:39:54,194 - root - INFO - [Request tool call chatcmpl-tool-a60740b4ec846665] function get_serving_cell_pci(time=2024-09-20 22:21:34.112)
2026-07-08 23:39:54,194 - root - INFO - [95m[Executing tool call chatcmpl-tool-a60740b4ec846665] function get_serving_cell_pci(time=2024-09-20 22:21:34.112)[0m
2026-07-08 23:39:54,209 - root - INFO - [Tools API] GET /serving-cell-pci params={'time': '2024-09-20 22:21:34.112'}
2026-07-08 23:39:54,209 - root - INFO - [95m[Tool result] {"PCI": 197} [0m
2026-07-08 23:39:54,209 - root - INFO - 
[Scenario: 8fbe9492-d54a-4507-adb1-2a2bdd5ae757] Investigator round 4, calling tools:
2026-07-08 23:39:55,079 - httpx - INFO - HTTP Request: POST https://api.tokenfactory.nebius.com/v1/chat/completions "HTTP/1.1 200 OK"
2026-07-08 23:39:55,080 - root - INFO - [Request tool call chatcmpl-tool-ae824e1678e39dd4] function get_cell_info(pci=197)
2026-07-08 23:39:55,080 - root - INFO - [95m[Executing tool call chatcmpl-tool-ae824e1678e39dd4] function get_cell_info(pci=197)[0m
2026-07-08 23:39:55,085 - root - INFO - [Tools API] GET /cell-info params={'pci': 197}
2026-07-08 23:39:55,085 - root - INFO - [95m[Tool result] {"gNodeB ID": 3225098, "Cell ID": 1, "Longitude": 121.4749398815, "Latitude": 31.1469343293, "Mechanical Azimuth": 184, "Mechanical Downtilt": 4, "Digital Tilt": 5, "Height": 30.8, "Duplex Mode": "TDD", "PCI": 197, "Band": "n41", "DL ARFCN": 504990, "BW [MHz]": "100M", "TxRx Mode": "64T64R", "Transmission Power": 12, "ARFCN": 504990, "InterFreqHoEventType": "EVENT_A5", "CovInterFreqA2RsrpThld [dBm]": -105, "InterFreqA2Hyst [0.5dB]": 2, "CovInterFreqA5RsrpThld1 [dBm]": -105, "CovInterFreqA5RsrpThld2 [dBm]": -100, "IntraFreqHoA3Offset [0.5dB]": 6, "IntraFreqHoA3Hyst [0.5dB]": 2, "IntraFreqHoA3TimeToTrig": "ms320", "PCell Neighbor Cell (gNodeBID_ARFCN_PCI)": "[3213779_504990_795,3271925_504990_740,3257710_504990_317]", "PdcchOccupiedSymbolNum": "1SYM", "Digital Azimuth": 0, "Max Transmit Power": 32, "notes": ""} [0m
2026-07-08 23:39:55,085 - root - INFO - 
[Scenario: 8fbe9492-d54a-4507-adb1-2a2bdd5ae757] Investigator round 5, calling tools:
2026-07-08 23:39:56,135 - httpx - INFO - HTTP Request: POST https://api.tokenfactory.nebius.com/v1/chat/completions "HTTP/1.1 200 OK"
2026-07-08 23:39:56,136 - root - INFO - [Request tool call chatcmpl-tool-ae25aa01957345a1] function get_serving_cell_rsrp(time=2024-09-20 22:21:34.112)
2026-07-08 23:39:56,136 - root - INFO - [95m[Executing tool call chatcmpl-tool-ae25aa01957345a1] function get_serving_cell_rsrp(time=2024-09-20 22:21:34.112)[0m
2026-07-08 23:39:56,141 - root - INFO - [Tools API] GET /serving-cell-rsrp params={'time': '2024-09-20 22:21:34.112'}
2026-07-08 23:39:56,142 - root - INFO - [95m[Tool result] {"SS-RSRP (dBm)": -90.66} [0m
2026-07-08 23:39:56,142 - root - INFO - 
[Scenario: 8fbe9492-d54a-4507-adb1-2a2bdd5ae757] Investigator round 6, calling tools:
2026-07-08 23:39:57,191 - httpx - INFO - HTTP Request: POST https://api.tokenfactory.nebius.com/v1/chat/completions "HTTP/1.1 200 OK"
2026-07-08 23:39:57,192 - root - INFO - [Request tool call chatcmpl-tool-9c45af0e536936ea] function get_serving_cell_sinr(time=2024-09-20 22:21:34.112)
2026-07-08 23:39:57,192 - root - INFO - [95m[Executing tool call chatcmpl-tool-9c45af0e536936ea] function get_serving_cell_sinr(time=2024-09-20 22:21:34.112)[0m
2026-07-08 23:39:57,199 - root - INFO - [Tools API] GET /serving-cell-sinr params={'time': '2024-09-20 22:21:34.112'}
2026-07-08 23:39:57,199 - root - INFO - [95m[Tool result] {"SS-SINR (dB)": 13.37} [0m
2026-07-08 23:39:57,199 - root - INFO - 
[Scenario: 8fbe9492-d54a-4507-adb1-2a2bdd5ae757] Investigator round 7, calling tools:
2026-07-08 23:39:58,183 - httpx - INFO - HTTP Request: POST https://api.tokenfactory.nebius.com/v1/chat/completions "HTTP/1.1 200 OK"
2026-07-08 23:39:58,184 - root - INFO - [Request tool call chatcmpl-tool-abf739b46fec41df] function get_neighboring_cells_pci(time=2024-09-20 22:21:34.112)
2026-07-08 23:39:58,184 - root - INFO - [95m[Executing tool call chatcmpl-tool-abf739b46fec41df] function get_neighboring_cells_pci(time=2024-09-20 22:21:34.112)[0m
2026-07-08 23:39:58,190 - root - INFO - [Tools API] GET /neighboring-cells-pci params={'time': '2024-09-20 22:21:34.112'}
2026-07-08 23:39:58,190 - root - INFO - [95m[Tool result] {"PCIs": [740, 317, 795]} [0m
2026-07-08 23:39:58,190 - root - INFO - 
[Scenario: 8fbe9492-d54a-4507-adb1-2a2bdd5ae757] Investigator round 8, calling tools:
2026-07-08 23:39:59,515 - httpx - INFO - HTTP Request: POST https://api.tokenfactory.nebius.com/v1/chat/completions "HTTP/1.1 200 OK"
2026-07-08 23:39:59,515 - root - INFO - [Request tool call chatcmpl-tool-95c928abcc02c2f4] function get_neighboring_cell_rsrp(time=2024-09-20 22:21:34.112, pci=740)
2026-07-08 23:39:59,515 - root - INFO - [95m[Executing tool call chatcmpl-tool-95c928abcc02c2f4] function get_neighboring_cell_rsrp(time=2024-09-20 22:21:34.112, pci=740)[0m
2026-07-08 23:39:59,523 - root - INFO - [Tools API] GET /neighboring-cell-rsrp params={'time': '2024-09-20 22:21:34.112', 'pci': 740}
2026-07-08 23:39:59,523 - root - INFO - [95m[Tool result] {"Filtered Tx BRSRP [dBm]": -92.0} [0m
2026-07-08 23:39:59,523 - root - INFO - 
[Scenario: 8fbe9492-d54a-4507-adb1-2a2bdd5ae757] Investigator round 9, calling tools:
2026-07-08 23:40:00,641 - httpx - INFO - HTTP Request: POST https://api.tokenfactory.nebius.com/v1/chat/completions "HTTP/1.1 200 OK"
2026-07-08 23:40:00,641 - root - INFO - [Request tool call chatcmpl-tool-b92890a7cbec89b9] function get_neighboring_cell_rsrp(time=2024-09-20 22:21:34.112, pci=317)
2026-07-08 23:40:00,641 - root - INFO - [95m[Executing tool call chatcmpl-tool-b92890a7cbec89b9] function get_neighboring_cell_rsrp(time=2024-09-20 22:21:34.112, pci=317)[0m
2026-07-08 23:40:00,649 - root - INFO - [Tools API] GET /neighboring-cell-rsrp params={'time': '2024-09-20 22:21:34.112', 'pci': 317}
2026-07-08 23:40:00,649 - root - INFO - [95m[Tool result] {"Filtered Tx BRSRP [dBm]": -100.0} [0m
2026-07-08 23:40:00,649 - root - INFO - 
[Scenario: 8fbe9492-d54a-4507-adb1-2a2bdd5ae757] Investigator round 10, calling tools:
2026-07-08 23:40:01,665 - httpx - INFO - HTTP Request: POST https://api.tokenfactory.nebius.com/v1/chat/completions "HTTP/1.1 200 OK"
2026-07-08 23:40:01,666 - root - INFO - [Request tool call chatcmpl-tool-9eca0b3568d5e5df] function get_neighboring_cell_rsrp(time=2024-09-20 22:21:34.112, pci=795)
2026-07-08 23:40:01,666 - root - INFO - [95m[Executing tool call chatcmpl-tool-9eca0b3568d5e5df] function get_neighboring_cell_rsrp(time=2024-09-20 22:21:34.112, pci=795)[0m
2026-07-08 23:40:01,673 - root - INFO - [Tools API] GET /neighboring-cell-rsrp params={'time': '2024-09-20 22:21:34.112', 'pci': 795}
2026-07-08 23:40:01,674 - root - INFO - [95m[Tool result] {"Filtered Tx BRSRP [dBm]": -104.0} [0m
2026-07-08 23:40:01,674 - root - INFO - 
[Scenario: 8fbe9492-d54a-4507-adb1-2a2bdd5ae757] Investigator round 11, calling tools:
2026-07-08 23:40:02,747 - httpx - INFO - HTTP Request: POST https://api.tokenfactory.nebius.com/v1/chat/completions "HTTP/1.1 200 OK"
2026-07-08 23:40:02,754 - root - INFO - [Request tool call chatcmpl-tool-8414c7a1e8880603] function get_user_location(time=2024-09-20 22:21:34.112)
2026-07-08 23:40:02,754 - root - INFO - [95m[Executing tool call chatcmpl-tool-8414c7a1e8880603] function get_user_location(time=2024-09-20 22:21:34.112)[0m
2026-07-08 23:40:02,761 - root - INFO - [Tools API] GET /user-location params={'time': '2024-09-20 22:21:34.112'}
2026-07-08 23:40:02,761 - root - INFO - [95m[Tool result] {"Longitude": 121.4656618902, "Latitude": 31.144631764} [0m
2026-07-08 23:40:02,761 - root - INFO - 
[Scenario: 8fbe9492-d54a-4507-adb1-2a2bdd5ae757] Investigator round 12, calling tools:
2026-07-08 23:40:03,510 - httpx - INFO - HTTP Request: POST https://api.tokenfactory.nebius.com/v1/chat/completions "HTTP/1.1 200 OK"
2026-07-08 23:40:03,511 - root - INFO - [Request tool call chatcmpl-tool-a2e0ebf8e12e7dde] function get_gnodeb_location(pci=197)
2026-07-08 23:40:03,511 - root - INFO - [95m[Executing tool call chatcmpl-tool-a2e0ebf8e12e7dde] function get_gnodeb_location(pci=197)[0m
2026-07-08 23:40:03,515 - root - INFO - [Tools API] GET /gnodeb-location params={'pci': 197}
2026-07-08 23:40:03,515 - root - INFO - [95m[Tool result] {"Longitude": 121.4749398815, "Latitude": 31.1469343293} [0m
2026-07-08 23:40:03,515 - root - INFO - 
[Scenario: 8fbe9492-d54a-4507-adb1-2a2bdd5ae757] Investigator round 13, calling tools:
2026-07-08 23:40:04,328 - httpx - INFO - HTTP Request: POST https://api.tokenfactory.nebius.com/v1/chat/completions "HTTP/1.1 200 OK"
2026-07-08 23:40:04,329 - root - INFO - [Request tool call chatcmpl-tool-9dc0e9fc315c0a05] function get_gnodeb_location(pci=740)
2026-07-08 23:40:04,329 - root - INFO - [95m[Executing tool call chatcmpl-tool-9dc0e9fc315c0a05] function get_gnodeb_location(pci=740)[0m
2026-07-08 23:40:04,334 - root - INFO - [Tools API] GET /gnodeb-location params={'pci': 740}
2026-07-08 23:40:04,334 - root - INFO - [95m[Tool result] {"Longitude": 121.4640987473, "Latitude": 31.1543509059} [0m
2026-07-08 23:40:04,334 - root - INFO - 
[Scenario: 8fbe9492-d54a-4507-adb1-2a2bdd5ae757] Investigator round 14, calling tools:
2026-07-08 23:40:05,426 - httpx - INFO - HTTP Request: POST https://api.tokenfactory.nebius.com/v1/chat/completions "HTTP/1.1 200 OK"
2026-07-08 23:40:05,426 - root - INFO - [Request tool call chatcmpl-tool-93fc3d5d90c2b149] function calculate_horizontal_angle(time=2024-09-20 22:21:34.112, pci=197)
2026-07-08 23:40:05,426 - root - INFO - [95m[Executing tool call chatcmpl-tool-93fc3d5d90c2b149] function calculate_horizontal_angle(time=2024-09-20 22:21:34.112, pci=197)[0m
2026-07-08 23:40:05,436 - root - INFO - [Tools API] GET /calculate_horizontal_angle params={'time': '2024-09-20 22:21:34.112', 'pci': 197}
2026-07-08 23:40:05,436 - root - INFO - [95m[Tool result] {"The horizontal angle between the user and the cell is ": "69.83"} [0m
2026-07-08 23:40:05,436 - root - INFO - 
[Scenario: 8fbe9492-d54a-4507-adb1-2a2bdd5ae757] Investigator round 15, calling tools:
2026-07-08 23:40:06,785 - httpx - INFO - HTTP Request: POST https://api.tokenfactory.nebius.com/v1/chat/completions "HTTP/1.1 200 OK"
2026-07-08 23:40:06,785 - root - INFO - [Request tool call chatcmpl-tool-a727afaea989df42] function calculate_tilt_angle(time=2024-09-20 22:21:34.112, pci=197)
2026-07-08 23:40:06,786 - root - INFO - [95m[Executing tool call chatcmpl-tool-a727afaea989df42] function calculate_tilt_angle(time=2024-09-20 22:21:34.112, pci=197)[0m
2026-07-08 23:40:06,795 - root - INFO - [Tools API] GET /calculate_tilt_angle params={'time': '2024-09-20 22:21:34.112', 'pci': 197}
2026-07-08 23:40:06,795 - root - INFO - [95m[Tool result] {"The tilt angle between the user and the cell is ": "-5.92"} [0m
2026-07-08 23:40:06,795 - root - INFO - 
[Scenario: 8fbe9492-d54a-4507-adb1-2a2bdd5ae757] Investigator forcing structured evidence report:
2026-07-08 23:40:20,611 - httpx - INFO - HTTP Request: POST https://api.tokenfactory.nebius.com/v1/chat/completions "HTTP/1.1 200 OK"
2026-07-08 23:40:21,327 - httpx - INFO - HTTP Request: POST https://api.tokenfactory.nebius.com/v1/chat/completions "HTTP/1.1 200 OK"
2026-07-08 23:40:21,328 - root - INFO - [31;1m[Agent response] \boxed{C14}[0m

2026-07-08 23:40:21,328 - root - INFO - [95m
[Scenario: 8fbe9492-d54a-4507-adb1-2a2bdd5ae757] Agent's answer is C14, ground truth is C16[0m.
2026-07-10 18:29:40,775 - root - INFO - [Tools API] GET /scenario/all params={}
2026-07-10 18:29:41,133 - root - INFO - [Scenario 08e221e5-3ed8-42ed-b7b3-0fd9dfd8d99e] attempt 1/1
2026-07-10 18:29:41,147 - root - INFO - [Tools API] GET /tools params={}
2026-07-10 18:29:41,148 - root - INFO - 
[Scenario: 08e221e5-3ed8-42ed-b7b3-0fd9dfd8d99e] Investigator round 1, calling tools:
2026-07-10 18:29:43,851 - httpx - INFO - HTTP Request: POST https://api.tokenfactory.nebius.com/v1/chat/completions "HTTP/1.1 200 OK"
2026-07-10 18:29:43,872 - root - INFO - [Request tool call chatcmpl-tool-8a2047b8d3bfae1e] function get_throughput_logs()
2026-07-10 18:29:43,872 - root - INFO - [95m[Executing tool call chatcmpl-tool-8a2047b8d3bfae1e] function get_throughput_logs()[0m
2026-07-10 18:29:44,044 - root - INFO - [Tools API] GET /throughput-logs params={}
2026-07-10 18:29:44,045 - root - INFO - [95m[Tool result] {"Logs": "Timestamp|5G KPI PCell Layer2 MAC DL Throughput [Mbps]\n2024-09-20 22:21:31.944|520.9\n2024-09-20 22:21:32.210|552.14\n2024-09-20 22:21:33.676|393.59\n2024-09-20 22:21:34.362|81.73\n2024-09-20 22:21:35.701|37.22\n2024-09-20 22:21:36.226|62.04\n2024-09-20 22:21:37.967|25.61\n2024-09-20 22:21:38.260|59.12\n2024-09-20 22:21:39.204|47.99\n2024-09-20 22:21:40.781|591.14\n2024-09-20 22:21:41.981|340.47\n2024-09-20 22:21:42.696|399.52\n"} [0m
2026-07-10 18:29:44,045 - root - INFO - 
[Scenario: 08e221e5-3ed8-42ed-b7b3-0fd9dfd8d99e] Investigator round 2, calling tools:
2026-07-10 18:29:45,884 - httpx - INFO - HTTP Request: POST https://api.tokenfactory.nebius.com/v1/chat/completions "HTTP/1.1 200 OK"
2026-07-10 18:29:45,890 - root - INFO - [Request tool call chatcmpl-tool-8109e3c93610c7dc] function get_serving_cell_pci(time=2024-09-20 22:21:34.362)
2026-07-10 18:29:45,890 - root - INFO - [95m[Executing tool call chatcmpl-tool-8109e3c93610c7dc] function get_serving_cell_pci(time=2024-09-20 22:21:34.362)[0m
2026-07-10 18:29:45,931 - root - INFO - [Tools API] GET /serving-cell-pci params={'time': '2024-09-20 22:21:34.362'}
2026-07-10 18:29:45,932 - root - INFO - [95m[Tool result] {"PCI": 166} [0m
2026-07-10 18:29:45,932 - root - INFO - 
[Scenario: 08e221e5-3ed8-42ed-b7b3-0fd9dfd8d99e] Investigator round 3, calling tools:
2026-07-10 18:29:46,741 - httpx - INFO - HTTP Request: POST https://api.tokenfactory.nebius.com/v1/chat/completions "HTTP/1.1 200 OK"
2026-07-10 18:29:46,744 - root - INFO - [Request tool call chatcmpl-tool-8b61ee3da86684b2] function get_cell_info(pci=166)
2026-07-10 18:29:46,744 - root - INFO - [95m[Executing tool call chatcmpl-tool-8b61ee3da86684b2] function get_cell_info(pci=166)[0m
2026-07-10 18:29:46,770 - root - INFO - [Tools API] GET /cell-info params={'pci': 166}
2026-07-10 18:29:46,770 - root - INFO - [95m[Tool result] {"gNodeB ID": 3239249, "Cell ID": 3, "Longitude": 121.4713147472, "Latitude": 31.1447758717, "Mechanical Azimuth": 67, "Mechanical Downtilt": 3, "Digital Tilt": 11, "Height": 45.9, "Duplex Mode": "TDD", "PCI": 166, "Band": "n41", "DL ARFCN": 504990, "BW [MHz]": "100M", "TxRx Mode": "64T64R", "Transmission Power": 16, "ARFCN": 504990, "InterFreqHoEventType": "EVENT_A5", "CovInterFreqA2RsrpThld [dBm]": -105, "InterFreqA2Hyst [0.5dB]": 2, "CovInterFreqA5RsrpThld1 [dBm]": -105, "CovInterFreqA5RsrpThld2 [dBm]": -100, "IntraFreqHoA3Offset [0.5dB]": 2, "IntraFreqHoA3Hyst [0.5dB]": 2, "IntraFreqHoA3TimeToTrig": "ms320", "PCell Neighbor Cell (gNodeBID_ARFCN_PCI)": "[3279943_504990_420,3267220_504990_966,3239189_504990_362,3272070_504990_240]", "PdcchOccupiedSymbolNum": "1SYM", "Digital Azimuth": 0, "Max Transmit Power": 32, "notes": ""} [0m
2026-07-10 18:29:46,770 - root - INFO - 
[Scenario: 08e221e5-3ed8-42ed-b7b3-0fd9dfd8d99e] Investigator round 4, calling tools:
2026-07-10 18:29:49,653 - httpx - INFO - HTTP Request: POST https://api.tokenfactory.nebius.com/v1/chat/completions "HTTP/1.1 200 OK"
2026-07-10 18:29:49,656 - root - INFO - [Request tool call chatcmpl-tool-8264cc08548e84da] function get_serving_cell_rsrp(time=2024-09-20 22:21:34.362)
2026-07-10 18:29:49,656 - root - INFO - [95m[Executing tool call chatcmpl-tool-8264cc08548e84da] function get_serving_cell_rsrp(time=2024-09-20 22:21:34.362)[0m
2026-07-10 18:29:49,752 - root - INFO - [Tools API] GET /serving-cell-rsrp params={'time': '2024-09-20 22:21:34.362'}
2026-07-10 18:29:49,759 - root - INFO - [95m[Tool result] {"SS-RSRP (dBm)": -87.37} [0m
2026-07-10 18:29:49,762 - root - INFO - 
[Scenario: 08e221e5-3ed8-42ed-b7b3-0fd9dfd8d99e] Investigator round 5, calling tools:
2026-07-10 18:29:53,404 - httpx - INFO - HTTP Request: POST https://api.tokenfactory.nebius.com/v1/chat/completions "HTTP/1.1 200 OK"
2026-07-10 18:29:53,413 - root - INFO - [Request tool call chatcmpl-tool-83adb91b74f47612] function get_serving_cell_sinr(time=2024-09-20 22:21:34.362)
2026-07-10 18:29:53,454 - root - INFO - [95m[Executing tool call chatcmpl-tool-83adb91b74f47612] function get_serving_cell_sinr(time=2024-09-20 22:21:34.362)[0m
2026-07-10 18:29:54,236 - root - INFO - [Tools API] GET /serving-cell-sinr params={'time': '2024-09-20 22:21:34.362'}
2026-07-10 18:29:54,237 - root - INFO - [95m[Tool result] {"SS-SINR (dB)": 2.42} [0m
2026-07-10 18:29:54,237 - root - INFO - 
[Scenario: 08e221e5-3ed8-42ed-b7b3-0fd9dfd8d99e] Investigator round 6, calling tools:
2026-07-10 18:30:07,385 - httpx - INFO - HTTP Request: POST https://api.tokenfactory.nebius.com/v1/chat/completions "HTTP/1.1 200 OK"
2026-07-10 18:30:07,602 - root - INFO - [Request tool call chatcmpl-tool-ade840b376be7ead] function get_neighboring_cells_pci(time=2024-09-20 22:21:34.362)
2026-07-10 18:30:07,702 - root - INFO - [95m[Executing tool call chatcmpl-tool-ade840b376be7ead] function get_neighboring_cells_pci(time=2024-09-20 22:21:34.362)[0m
2026-07-10 18:30:09,013 - root - INFO - [Tools API] GET /neighboring-cells-pci params={'time': '2024-09-20 22:21:34.362'}
2026-07-10 18:30:09,061 - root - INFO - [95m[Tool result] {"PCIs": [966, 420, 362]} [0m
2026-07-10 18:30:09,062 - root - INFO - 
[Scenario: 08e221e5-3ed8-42ed-b7b3-0fd9dfd8d99e] Investigator round 7, calling tools:
2026-07-10 18:30:12,601 - httpx - INFO - HTTP Request: POST https://api.tokenfactory.nebius.com/v1/chat/completions "HTTP/1.1 200 OK"
2026-07-10 18:30:12,657 - root - INFO - [Request tool call chatcmpl-tool-9957f53dd7038dad] function get_neighboring_cell_rsrp(time=2024-09-20 22:21:34.362, pci=966)
2026-07-10 18:30:12,660 - root - INFO - [95m[Executing tool call chatcmpl-tool-9957f53dd7038dad] function get_neighboring_cell_rsrp(time=2024-09-20 22:21:34.362, pci=966)[0m
2026-07-10 18:30:13,112 - root - INFO - [Tools API] GET /neighboring-cell-rsrp params={'time': '2024-09-20 22:21:34.362', 'pci': 966}
2026-07-10 18:30:13,113 - root - INFO - [95m[Tool result] {"Filtered Tx BRSRP [dBm]": -86.0} [0m
2026-07-10 18:30:13,113 - root - INFO - 
[Scenario: 08e221e5-3ed8-42ed-b7b3-0fd9dfd8d99e] Investigator round 8, calling tools:
2026-07-10 18:30:15,845 - httpx - INFO - HTTP Request: POST https://api.tokenfactory.nebius.com/v1/chat/completions "HTTP/1.1 200 OK"
2026-07-10 18:30:15,848 - root - INFO - [Request tool call chatcmpl-tool-8a8e30928e918267] function get_neighboring_cell_rsrp(time=2024-09-20 22:21:34.362, pci=420)
2026-07-10 18:30:15,848 - root - INFO - [95m[Executing tool call chatcmpl-tool-8a8e30928e918267] function get_neighboring_cell_rsrp(time=2024-09-20 22:21:34.362, pci=420)[0m
2026-07-10 18:30:15,944 - root - INFO - [Tools API] GET /neighboring-cell-rsrp params={'time': '2024-09-20 22:21:34.362', 'pci': 420}
2026-07-10 18:30:15,945 - root - INFO - [95m[Tool result] {"Filtered Tx BRSRP [dBm]": -89.0} [0m
2026-07-10 18:30:15,945 - root - INFO - 
[Scenario: 08e221e5-3ed8-42ed-b7b3-0fd9dfd8d99e] Investigator round 9, calling tools:
2026-07-10 18:30:19,153 - httpx - INFO - HTTP Request: POST https://api.tokenfactory.nebius.com/v1/chat/completions "HTTP/1.1 200 OK"
2026-07-10 18:30:19,156 - root - INFO - [Request tool call chatcmpl-tool-a4f6c78ac3c959c3] function get_neighboring_cell_rsrp(time=2024-09-20 22:21:34.362, pci=362)
2026-07-10 18:30:19,156 - root - INFO - [95m[Executing tool call chatcmpl-tool-a4f6c78ac3c959c3] function get_neighboring_cell_rsrp(time=2024-09-20 22:21:34.362, pci=362)[0m
2026-07-10 18:30:19,353 - root - INFO - [Tools API] GET /neighboring-cell-rsrp params={'time': '2024-09-20 22:21:34.362', 'pci': 362}
2026-07-10 18:30:19,371 - root - INFO - [95m[Tool result] {"Filtered Tx BRSRP [dBm]": -94.0} [0m
2026-07-10 18:30:19,377 - root - INFO - 
[Scenario: 08e221e5-3ed8-42ed-b7b3-0fd9dfd8d99e] Investigator round 10, calling tools:
2026-07-10 18:30:20,361 - httpx - INFO - HTTP Request: POST https://api.tokenfactory.nebius.com/v1/chat/completions "HTTP/1.1 200 OK"
2026-07-10 18:30:20,369 - root - INFO - [Request tool call chatcmpl-tool-8b39ff8cdf8e16a2] function get_cell_info(pci=966)
2026-07-10 18:30:20,370 - root - INFO - [95m[Executing tool call chatcmpl-tool-8b39ff8cdf8e16a2] function get_cell_info(pci=966)[0m
2026-07-10 18:30:20,496 - root - INFO - [Tools API] GET /cell-info params={'pci': 966}
2026-07-10 18:30:20,498 - root - INFO - [95m[Tool result] {"gNodeB ID": 3267220, "Cell ID": 2, "Longitude": 121.474936591, "Latitude": 31.1449528248, "Mechanical Azimuth": 292, "Mechanical Downtilt": 1, "Digital Tilt": 3, "Height": 45.7, "Duplex Mode": "TDD", "PCI": 966, "Band": "n41", "DL ARFCN": 504990, "BW [MHz]": "100M", "TxRx Mode": "64T64R", "Transmission Power": 21, "ARFCN": 504990, "InterFreqHoEventType": "EVENT_A5", "CovInterFreqA2RsrpThld [dBm]": -105, "InterFreqA2Hyst [0.5dB]": 2, "CovInterFreqA5RsrpThld1 [dBm]": -105, "CovInterFreqA5RsrpThld2 [dBm]": -100, "IntraFreqHoA3Offset [0.5dB]": 2, "IntraFreqHoA3Hyst [0.5dB]": 2, "IntraFreqHoA3TimeToTrig": "ms320", "PCell Neighbor Cell (gNodeBID_ARFCN_PCI)": "[3279943_504990_420,3239249_504990_166,3239189_504990_362,3272070_504990_240]", "PdcchOccupiedSymbolNum": "1SYM", "Digital Azimuth": 0, "Max Transmit Power": 32, "notes": ""} [0m
2026-07-10 18:30:20,498 - root - INFO - 
[Scenario: 08e221e5-3ed8-42ed-b7b3-0fd9dfd8d99e] Investigator round 11, calling tools:
2026-07-10 18:30:21,364 - httpx - INFO - HTTP Request: POST https://api.tokenfactory.nebius.com/v1/chat/completions "HTTP/1.1 200 OK"
2026-07-10 18:30:21,449 - root - INFO - [Request tool call chatcmpl-tool-823527a5854be6c4] function get_cell_info(pci=420)
2026-07-10 18:30:21,450 - root - INFO - [95m[Executing tool call chatcmpl-tool-823527a5854be6c4] function get_cell_info(pci=420)[0m
2026-07-10 18:30:21,701 - root - INFO - [Tools API] GET /cell-info params={'pci': 420}
2026-07-10 18:30:21,702 - root - INFO - [95m[Tool result] {"gNodeB ID": 3279943, "Cell ID": 1, "Longitude": 121.4683960708, "Latitude": 31.1511680711, "Mechanical Azimuth": 237, "Mechanical Downtilt": 1, "Digital Tilt": 10, "Height": 35.3, "Duplex Mode": "TDD", "PCI": 420, "Band": "n41", "DL ARFCN": 504990, "BW [MHz]": "100M", "TxRx Mode": "64T64R", "Transmission Power": 18, "ARFCN": 504990, "InterFreqHoEventType": "EVENT_A5", "CovInterFreqA2RsrpThld [dBm]": -105, "InterFreqA2Hyst [0.5dB]": 2, "CovInterFreqA5RsrpThld1 [dBm]": -105, "CovInterFreqA5RsrpThld2 [dBm]": -100, "IntraFreqHoA3Offset [0.5dB]": 6, "IntraFreqHoA3Hyst [0.5dB]": 2, "IntraFreqHoA3TimeToTrig": "ms320", "PCell Neighbor Cell (gNodeBID_ARFCN_PCI)": "[3267220_504990_966,3239249_504990_166,3239189_504990_362,3272070_504990_240]", "PdcchOccupiedSymbolNum": "1SYM", "Digital Azimuth": 0, "Max Transmit Power": 32, "notes": ""} [0m
2026-07-10 18:30:21,722 - root - INFO - 
[Scenario: 08e221e5-3ed8-42ed-b7b3-0fd9dfd8d99e] Investigator round 12, calling tools:
2026-07-10 18:30:22,651 - httpx - INFO - HTTP Request: POST https://api.tokenfactory.nebius.com/v1/chat/completions "HTTP/1.1 200 OK"
2026-07-10 18:30:22,710 - root - INFO - [Request tool call chatcmpl-tool-82faef179d43d9e9] function get_cell_info(pci=362)
2026-07-10 18:30:22,710 - root - INFO - [95m[Executing tool call chatcmpl-tool-82faef179d43d9e9] function get_cell_info(pci=362)[0m
2026-07-10 18:30:22,784 - root - INFO - [Tools API] GET /cell-info params={'pci': 362}
2026-07-10 18:30:22,788 - root - INFO - [95m[Tool result] {"gNodeB ID": 3239189, "Cell ID": 4, "Longitude": 121.4683982125, "Latitude": 31.1469861244, "Mechanical Azimuth": 217, "Mechanical Downtilt": 10, "Digital Tilt": 2, "Height": 16.8, "Duplex Mode": "TDD", "PCI": 362, "Band": "n41", "DL ARFCN": 504990, "BW [MHz]": "100M", "TxRx Mode": "64T64R", "Transmission Power": 12, "ARFCN": 504990, "InterFreqHoEventType": "EVENT_A5", "CovInterFreqA2RsrpThld [dBm]": -105, "InterFreqA2Hyst [0.5dB]": 2, "CovInterFreqA5RsrpThld1 [dBm]": -105, "CovInterFreqA5RsrpThld2 [dBm]": -100, "IntraFreqHoA3Offset [0.5dB]": 6, "IntraFreqHoA3Hyst [0.5dB]": 2, "IntraFreqHoA3TimeToTrig": "ms320", "PCell Neighbor Cell (gNodeBID_ARFCN_PCI)": "[3279943_504990_420,3267220_504990_966,3239249_504990_166,3272070_504990_240]", "PdcchOccupiedSymbolNum": "1SYM", "Digital Azimuth": 0, "Max Transmit Power": 32, "notes": ""} [0m
2026-07-10 18:30:22,814 - root - INFO - 
[Scenario: 08e221e5-3ed8-42ed-b7b3-0fd9dfd8d99e] Investigator round 13, calling tools:
2026-07-10 18:30:25,026 - httpx - INFO - HTTP Request: POST https://api.tokenfactory.nebius.com/v1/chat/completions "HTTP/1.1 200 OK"
2026-07-10 18:30:25,028 - root - INFO - [Request tool call chatcmpl-tool-96ae76ce1921530a] function get_user_location(time=2024-09-20 22:21:34.362)
2026-07-10 18:30:25,045 - root - INFO - [95m[Executing tool call chatcmpl-tool-96ae76ce1921530a] function get_user_location(time=2024-09-20 22:21:34.362)[0m
2026-07-10 18:30:25,155 - root - INFO - [Tools API] GET /user-location params={'time': '2024-09-20 22:21:34.362'}
2026-07-10 18:30:25,158 - root - INFO - [95m[Tool result] {"Longitude": 121.4656753664, "Latitude": 31.1446187375} [0m
2026-07-10 18:30:25,158 - root - INFO - 
[Scenario: 08e221e5-3ed8-42ed-b7b3-0fd9dfd8d99e] Investigator round 14, calling tools:
2026-07-10 18:30:26,547 - httpx - INFO - HTTP Request: POST https://api.tokenfactory.nebius.com/v1/chat/completions "HTTP/1.1 200 OK"
2026-07-10 18:30:26,551 - root - INFO - [Request tool call chatcmpl-tool-945eb1518a49b151] function get_gnodeb_location(pci=166)
2026-07-10 18:30:26,552 - root - INFO - [95m[Executing tool call chatcmpl-tool-945eb1518a49b151] function get_gnodeb_location(pci=166)[0m
2026-07-10 18:30:26,768 - root - INFO - [Tools API] GET /gnodeb-location params={'pci': 166}
2026-07-10 18:30:26,769 - root - INFO - [95m[Tool result] {"Longitude": 121.4713147472, "Latitude": 31.1447758717} [0m
2026-07-10 18:30:26,769 - root - INFO - 
[Scenario: 08e221e5-3ed8-42ed-b7b3-0fd9dfd8d99e] Investigator round 15, calling tools:
2026-07-10 18:30:27,952 - httpx - INFO - HTTP Request: POST https://api.tokenfactory.nebius.com/v1/chat/completions "HTTP/1.1 200 OK"
2026-07-10 18:30:27,981 - root - INFO - [Request tool call chatcmpl-tool-8c79b60e9d8ea2b2] function get_gnodeb_location(pci=966)
2026-07-10 18:30:27,986 - root - INFO - [95m[Executing tool call chatcmpl-tool-8c79b60e9d8ea2b2] function get_gnodeb_location(pci=966)[0m
2026-07-10 18:30:28,026 - root - INFO - [Tools API] GET /gnodeb-location params={'pci': 966}
2026-07-10 18:30:28,036 - root - INFO - [95m[Tool result] {"Longitude": 121.474936591, "Latitude": 31.1449528248} [0m
2026-07-10 18:30:28,036 - root - INFO - 
[Scenario: 08e221e5-3ed8-42ed-b7b3-0fd9dfd8d99e] Investigator forcing structured evidence report:
2026-07-10 18:30:50,802 - httpx - INFO - HTTP Request: POST https://api.tokenfactory.nebius.com/v1/chat/completions "HTTP/1.1 200 OK"
2026-07-10 18:30:51,336 - httpx - INFO - HTTP Request: POST https://api.tokenfactory.nebius.com/v1/chat/completions "HTTP/1.1 200 OK"
2026-07-10 18:30:51,339 - root - INFO - [31;1m[Agent response] \boxed{C14}[0m

2026-07-10 18:30:51,339 - root - INFO - [95m
[Scenario: 08e221e5-3ed8-42ed-b7b3-0fd9dfd8d99e] Agent's answer is C14, ground truth is C2|C8|C11|C16[0m.
2026-07-10 18:30:51,339 - root - INFO - [Scenario 0cd874c0-eab3-4963-a51f-28fc5e004ed8] attempt 1/1
2026-07-10 18:30:51,383 - root - INFO - [Tools API] GET /tools params={}
2026-07-10 18:30:51,384 - root - INFO - 
[Scenario: 0cd874c0-eab3-4963-a51f-28fc5e004ed8] Investigator round 1, calling tools:
2026-07-10 18:30:52,232 - httpx - INFO - HTTP Request: POST https://api.tokenfactory.nebius.com/v1/chat/completions "HTTP/1.1 200 OK"
2026-07-10 18:30:52,269 - root - INFO - [Request tool call chatcmpl-tool-9fdcf160ee3b93d6] function get_throughput_logs()
2026-07-10 18:30:52,269 - root - INFO - [95m[Executing tool call chatcmpl-tool-9fdcf160ee3b93d6] function get_throughput_logs()[0m
2026-07-10 18:30:52,442 - root - INFO - [Tools API] GET /throughput-logs params={}
2026-07-10 18:30:52,442 - root - INFO - [95m[Tool result] {"Logs": "Timestamp|5G KPI PCell Layer2 MAC DL Throughput [Mbps]\n2024-09-20 22:21:31.357|466.35\n2024-09-20 22:21:32.734|569.87\n2024-09-20 22:21:33.635|410.34\n2024-09-20 22:21:34.219|70.51\n2024-09-20 22:21:35.683|51.1\n2024-09-20 22:21:36.489|89.24\n2024-09-20 22:21:37.633|65.27\n2024-09-20 22:21:38.455|79.39\n2024-09-20 22:21:39.806|53.91\n2024-09-20 22:21:40.115|426.8\n2024-09-20 22:21:41.921|431.26\n2024-09-20 22:21:42.637|471.5\n"} [0m
2026-07-10 18:30:52,442 - root - INFO - 
[Scenario: 0cd874c0-eab3-4963-a51f-28fc5e004ed8] Investigator round 2, calling tools:
2026-07-10 18:30:54,631 - httpx - INFO - HTTP Request: POST https://api.tokenfactory.nebius.com/v1/chat/completions "HTTP/1.1 200 OK"
2026-07-10 18:30:54,636 - root - INFO - [Request tool call chatcmpl-tool-bc3603d86e3a0d2b] function get_serving_cell_pci(time=2024-09-20 22:21:34.219)
2026-07-10 18:30:54,636 - root - INFO - [95m[Executing tool call chatcmpl-tool-bc3603d86e3a0d2b] function get_serving_cell_pci(time=2024-09-20 22:21:34.219)[0m
2026-07-10 18:30:55,002 - root - INFO - [Tools API] GET /serving-cell-pci params={'time': '2024-09-20 22:21:34.219'}
2026-07-10 18:30:55,003 - root - INFO - [95m[Tool result] {"PCI": 546} [0m
2026-07-10 18:30:55,028 - root - INFO - 
[Scenario: 0cd874c0-eab3-4963-a51f-28fc5e004ed8] Investigator round 3, calling tools:
2026-07-10 18:30:56,030 - httpx - INFO - HTTP Request: POST https://api.tokenfactory.nebius.com/v1/chat/completions "HTTP/1.1 200 OK"
2026-07-10 18:30:56,035 - root - INFO - [Request tool call chatcmpl-tool-be7e59a0ac58f13f] function get_cell_info(pci=546)
2026-07-10 18:30:56,035 - root - INFO - [95m[Executing tool call chatcmpl-tool-be7e59a0ac58f13f] function get_cell_info(pci=546)[0m
2026-07-10 18:30:56,075 - root - INFO - [Tools API] GET /cell-info params={'pci': 546}
2026-07-10 18:30:56,075 - root - INFO - [95m[Tool result] {"gNodeB ID": 3213751, "Cell ID": 2, "Longitude": 121.4736068325, "Latitude": 31.1460110535, "Mechanical Azimuth": 131, "Mechanical Downtilt": 0, "Digital Tilt": 4, "Height": 15.8, "Duplex Mode": "TDD", "PCI": 546, "Band": "n41", "DL ARFCN": 504990, "BW [MHz]": "100M", "TxRx Mode": "64T64R", "Transmission Power": 29, "ARFCN": 504990, "InterFreqHoEventType": "EVENT_A5", "CovInterFreqA2RsrpThld [dBm]": -105, "InterFreqA2Hyst [0.5dB]": 2, "CovInterFreqA5RsrpThld1 [dBm]": -105, "CovInterFreqA5RsrpThld2 [dBm]": -100, "IntraFreqHoA3Offset [0.5dB]": 6, "IntraFreqHoA3Hyst [0.5dB]": 2, "IntraFreqHoA3TimeToTrig": "ms320", "PCell Neighbor Cell (gNodeBID_ARFCN_PCI)": "[3211532_504990_344,3244912_504990_494,3274217_504990_583]", "PdcchOccupiedSymbolNum": "1SYM", "Digital Azimuth": 0, "Max Transmit Power": 32, "notes": ""} [0m
2026-07-10 18:30:56,076 - root - INFO - 
[Scenario: 0cd874c0-eab3-4963-a51f-28fc5e004ed8] Investigator round 4, calling tools:
2026-07-10 18:30:57,706 - httpx - INFO - HTTP Request: POST https://api.tokenfactory.nebius.com/v1/chat/completions "HTTP/1.1 200 OK"
2026-07-10 18:30:57,736 - root - INFO - [Request tool call chatcmpl-tool-8dac2601ee3dae4d] function get_serving_cell_rsrp(time=2024-09-20 22:21:34.219)
2026-07-10 18:30:57,736 - root - INFO - [95m[Executing tool call chatcmpl-tool-8dac2601ee3dae4d] function get_serving_cell_rsrp(time=2024-09-20 22:21:34.219)[0m
2026-07-10 18:30:57,870 - root - INFO - [Tools API] GET /serving-cell-rsrp params={'time': '2024-09-20 22:21:34.219'}
2026-07-10 18:30:57,870 - root - INFO - [95m[Tool result] {"SS-RSRP (dBm)": -85.83} [0m
2026-07-10 18:30:57,870 - root - INFO - 
[Scenario: 0cd874c0-eab3-4963-a51f-28fc5e004ed8] Investigator round 5, calling tools:
2026-07-10 18:30:59,787 - httpx - INFO - HTTP Request: POST https://api.tokenfactory.nebius.com/v1/chat/completions "HTTP/1.1 200 OK"
2026-07-10 18:30:59,796 - root - INFO - [Request tool call chatcmpl-tool-b945ee615806b6ce] function get_serving_cell_sinr(time=2024-09-20 22:21:34.219)
2026-07-10 18:30:59,796 - root - INFO - [95m[Executing tool call chatcmpl-tool-b945ee615806b6ce] function get_serving_cell_sinr(time=2024-09-20 22:21:34.219)[0m
2026-07-10 18:30:59,877 - root - INFO - [Tools API] GET /serving-cell-sinr params={'time': '2024-09-20 22:21:34.219'}
2026-07-10 18:30:59,877 - root - INFO - [95m[Tool result] {"SS-SINR (dB)": 17.78} [0m
2026-07-10 18:30:59,877 - root - INFO - 
[Scenario: 0cd874c0-eab3-4963-a51f-28fc5e004ed8] Investigator round 6, calling tools:
2026-07-10 18:31:01,471 - httpx - INFO - HTTP Request: POST https://api.tokenfactory.nebius.com/v1/chat/completions "HTTP/1.1 200 OK"
2026-07-10 18:31:01,476 - root - INFO - [Request tool call chatcmpl-tool-8dedc2a6cf9fa882] function get_neighboring_cells_pci(time=2024-09-20 22:21:34.219)
2026-07-10 18:31:01,476 - root - INFO - [95m[Executing tool call chatcmpl-tool-8dedc2a6cf9fa882] function get_neighboring_cells_pci(time=2024-09-20 22:21:34.219)[0m
2026-07-10 18:31:01,539 - root - INFO - [Tools API] GET /neighboring-cells-pci params={'time': '2024-09-20 22:21:34.219'}
2026-07-10 18:31:01,540 - root - INFO - [95m[Tool result] {"PCIs": [494, 344, 583]} [0m
2026-07-10 18:31:01,540 - root - INFO - 
[Scenario: 0cd874c0-eab3-4963-a51f-28fc5e004ed8] Investigator round 7, calling tools:
2026-07-10 18:31:03,310 - httpx - INFO - HTTP Request: POST https://api.tokenfactory.nebius.com/v1/chat/completions "HTTP/1.1 200 OK"
2026-07-10 18:31:03,317 - root - INFO - [Request tool call chatcmpl-tool-bf1447bcc474a337] function get_neighboring_cell_rsrp(time=2024-09-20 22:21:34.219, pci=494)
2026-07-10 18:31:03,317 - root - INFO - [95m[Executing tool call chatcmpl-tool-bf1447bcc474a337] function get_neighboring_cell_rsrp(time=2024-09-20 22:21:34.219, pci=494)[0m
2026-07-10 18:31:03,418 - root - INFO - [Tools API] GET /neighboring-cell-rsrp params={'time': '2024-09-20 22:21:34.219', 'pci': 494}
2026-07-10 18:31:03,419 - root - INFO - [95m[Tool result] {"Filtered Tx BRSRP [dBm]": -93.0} [0m
2026-07-10 18:31:03,419 - root - INFO - 
[Scenario: 0cd874c0-eab3-4963-a51f-28fc5e004ed8] Investigator round 8, calling tools:
2026-07-10 18:31:05,538 - httpx - INFO - HTTP Request: POST https://api.tokenfactory.nebius.com/v1/chat/completions "HTTP/1.1 200 OK"
2026-07-10 18:31:05,565 - root - INFO - [Request tool call chatcmpl-tool-8312c13195434fff] function get_neighboring_cell_rsrp(time=2024-09-20 22:21:34.219, pci=344)
2026-07-10 18:31:05,566 - root - INFO - [95m[Executing tool call chatcmpl-tool-8312c13195434fff] function get_neighboring_cell_rsrp(time=2024-09-20 22:21:34.219, pci=344)[0m
2026-07-10 18:31:05,620 - root - INFO - [Tools API] GET /neighboring-cell-rsrp params={'time': '2024-09-20 22:21:34.219', 'pci': 344}
2026-07-10 18:31:05,620 - root - INFO - [95m[Tool result] {"Filtered Tx BRSRP [dBm]": -97.0} [0m
2026-07-10 18:31:05,620 - root - INFO - 
[Scenario: 0cd874c0-eab3-4963-a51f-28fc5e004ed8] Investigator round 9, calling tools:
2026-07-10 18:31:07,085 - httpx - INFO - HTTP Request: POST https://api.tokenfactory.nebius.com/v1/chat/completions "HTTP/1.1 200 OK"
2026-07-10 18:31:07,105 - root - INFO - [Request tool call chatcmpl-tool-815fedc6ba296859] function get_neighboring_cell_rsrp(time=2024-09-20 22:21:34.219, pci=583)
2026-07-10 18:31:07,105 - root - INFO - [95m[Executing tool call chatcmpl-tool-815fedc6ba296859] function get_neighboring_cell_rsrp(time=2024-09-20 22:21:34.219, pci=583)[0m
2026-07-10 18:31:07,188 - root - INFO - [Tools API] GET /neighboring-cell-rsrp params={'time': '2024-09-20 22:21:34.219', 'pci': 583}
2026-07-10 18:31:07,191 - root - INFO - [95m[Tool result] {"Filtered Tx BRSRP [dBm]": -102.0} [0m
2026-07-10 18:31:07,191 - root - INFO - 
[Scenario: 0cd874c0-eab3-4963-a51f-28fc5e004ed8] Investigator round 10, calling tools:
2026-07-10 18:31:08,071 - httpx - INFO - HTTP Request: POST https://api.tokenfactory.nebius.com/v1/chat/completions "HTTP/1.1 200 OK"
2026-07-10 18:31:08,074 - root - INFO - [Request tool call chatcmpl-tool-9756bfc3f98f8546] function get_cell_info(pci=494)
2026-07-10 18:31:08,075 - root - INFO - [95m[Executing tool call chatcmpl-tool-9756bfc3f98f8546] function get_cell_info(pci=494)[0m
2026-07-10 18:31:08,087 - root - INFO - [Tools API] GET /cell-info params={'pci': 494}
2026-07-10 18:31:08,087 - root - INFO - [95m[Tool result] {"gNodeB ID": 3244912, "Cell ID": 3, "Longitude": 121.4752629661, "Latitude": 31.1505829287, "Mechanical Azimuth": 184, "Mechanical Downtilt": 5, "Digital Tilt": 7, "Height": 33.7, "Duplex Mode": "TDD", "PCI": 494, "Band": "n41", "DL ARFCN": 504990, "BW [MHz]": "100M", "TxRx Mode": "64T64R", "Transmission Power": 28, "ARFCN": 504990, "InterFreqHoEventType": "EVENT_A5", "CovInterFreqA2RsrpThld [dBm]": -105, "InterFreqA2Hyst [0.5dB]": 2, "CovInterFreqA5RsrpThld1 [dBm]": -105, "CovInterFreqA5RsrpThld2 [dBm]": -100, "IntraFreqHoA3Offset [0.5dB]": 6, "IntraFreqHoA3Hyst [0.5dB]": 2, "IntraFreqHoA3TimeToTrig": "ms320", "PCell Neighbor Cell (gNodeBID_ARFCN_PCI)": "[3211532_504990_344,3213751_504990_546,3274217_504990_583]", "PdcchOccupiedSymbolNum": "1SYM", "Digital Azimuth": 0, "Max Transmit Power": 32, "notes": ""} [0m
2026-07-10 18:31:08,088 - root - INFO - 
[Scenario: 0cd874c0-eab3-4963-a51f-28fc5e004ed8] Investigator round 11, calling tools:
2026-07-10 18:31:08,927 - httpx - INFO - HTTP Request: POST https://api.tokenfactory.nebius.com/v1/chat/completions "HTTP/1.1 200 OK"
2026-07-10 18:31:08,930 - root - INFO - [Request tool call chatcmpl-tool-ae2edcfe7a575ba0] function get_gnodeb_location(pci=546)
2026-07-10 18:31:08,930 - root - INFO - [95m[Executing tool call chatcmpl-tool-ae2edcfe7a575ba0] function get_gnodeb_location(pci=546)[0m
2026-07-10 18:31:08,953 - root - INFO - [Tools API] GET /gnodeb-location params={'pci': 546}
2026-07-10 18:31:08,954 - root - INFO - [95m[Tool result] {"Longitude": 121.4736068325, "Latitude": 31.1460110535} [0m
2026-07-10 18:31:08,964 - root - INFO - 
[Scenario: 0cd874c0-eab3-4963-a51f-28fc5e004ed8] Investigator round 12, calling tools:
2026-07-10 18:31:09,718 - httpx - INFO - HTTP Request: POST https://api.tokenfactory.nebius.com/v1/chat/completions "HTTP/1.1 200 OK"
2026-07-10 18:31:09,733 - root - INFO - [Request tool call chatcmpl-tool-96ee72ea24977931] function get_gnodeb_location(pci=494)
2026-07-10 18:31:09,733 - root - INFO - [95m[Executing tool call chatcmpl-tool-96ee72ea24977931] function get_gnodeb_location(pci=494)[0m
2026-07-10 18:31:09,771 - root - INFO - [Tools API] GET /gnodeb-location params={'pci': 494}
2026-07-10 18:31:09,771 - root - INFO - [95m[Tool result] {"Longitude": 121.4752629661, "Latitude": 31.1505829287} [0m
2026-07-10 18:31:09,772 - root - INFO - 
[Scenario: 0cd874c0-eab3-4963-a51f-28fc5e004ed8] Investigator round 13, calling tools:
2026-07-10 18:31:11,315 - httpx - INFO - HTTP Request: POST https://api.tokenfactory.nebius.com/v1/chat/completions "HTTP/1.1 200 OK"
2026-07-10 18:31:11,319 - root - INFO - [Request tool call chatcmpl-tool-9d0a419627889179] function get_user_location(time=2024-09-20 22:21:34.219)
2026-07-10 18:31:11,319 - root - INFO - [95m[Executing tool call chatcmpl-tool-9d0a419627889179] function get_user_location(time=2024-09-20 22:21:34.219)[0m
2026-07-10 18:31:11,364 - root - INFO - [Tools API] GET /user-location params={'time': '2024-09-20 22:21:34.219'}
2026-07-10 18:31:11,365 - root - INFO - [95m[Tool result] {"Longitude": 121.4656596293, "Latitude": 31.1446340899} [0m
2026-07-10 18:31:11,366 - root - INFO - 
[Scenario: 0cd874c0-eab3-4963-a51f-28fc5e004ed8] Investigator round 14, calling tools:
2026-07-10 18:31:12,561 - httpx - INFO - HTTP Request: POST https://api.tokenfactory.nebius.com/v1/chat/completions "HTTP/1.1 200 OK"
2026-07-10 18:31:12,564 - root - INFO - [Request tool call chatcmpl-tool-8e4ca475076a453f] function calculate_horizontal_angle(time=2024-09-20 22:21:34.219, pci=546)
2026-07-10 18:31:12,565 - root - INFO - [95m[Executing tool call chatcmpl-tool-8e4ca475076a453f] function calculate_horizontal_angle(time=2024-09-20 22:21:34.219, pci=546)[0m
2026-07-10 18:31:12,636 - root - INFO - [Tools API] GET /calculate_horizontal_angle params={'time': '2024-09-20 22:21:34.219', 'pci': 546}
2026-07-10 18:31:12,637 - root - INFO - [95m[Tool result] {"The horizontal angle between the user and the cell is ": "127.56"} [0m
2026-07-10 18:31:12,637 - root - INFO - 
[Scenario: 0cd874c0-eab3-4963-a51f-28fc5e004ed8] Investigator round 15, calling tools:
2026-07-10 18:31:13,912 - httpx - INFO - HTTP Request: POST https://api.tokenfactory.nebius.com/v1/chat/completions "HTTP/1.1 200 OK"
2026-07-10 18:31:13,917 - root - INFO - [Request tool call chatcmpl-tool-a6d3d6068f7350c1] function calculate_tilt_angle(time=2024-09-20 22:21:34.219, pci=546)
2026-07-10 18:31:13,917 - root - INFO - [95m[Executing tool call chatcmpl-tool-a6d3d6068f7350c1] function calculate_tilt_angle(time=2024-09-20 22:21:34.219, pci=546)[0m
2026-07-10 18:31:14,015 - root - INFO - [Tools API] GET /calculate_tilt_angle params={'time': '2024-09-20 22:21:34.219', 'pci': 546}
2026-07-10 18:31:14,016 - root - INFO - [95m[Tool result] {"The tilt angle between the user and the cell is ": "-1.17"} [0m
2026-07-10 18:31:14,016 - root - INFO - 
[Scenario: 0cd874c0-eab3-4963-a51f-28fc5e004ed8] Investigator forcing structured evidence report:
2026-07-10 18:31:31,462 - httpx - INFO - HTTP Request: POST https://api.tokenfactory.nebius.com/v1/chat/completions "HTTP/1.1 200 OK"
2026-07-10 18:31:32,341 - httpx - INFO - HTTP Request: POST https://api.tokenfactory.nebius.com/v1/chat/completions "HTTP/1.1 200 OK"
2026-07-10 18:31:32,343 - root - INFO - [31;1m[Agent response] \boxed{C1}[0m

2026-07-10 18:31:32,343 - root - INFO - [95m
[Scenario: 0cd874c0-eab3-4963-a51f-28fc5e004ed8] Agent's answer is C1, ground truth is C9[0m.
2026-07-10 18:31:32,343 - root - INFO - [Scenario ac53a506-f1dd-404f-bb93-1ffb337ce0e6] attempt 1/1
2026-07-10 18:31:32,348 - root - INFO - [Tools API] GET /tools params={}
2026-07-10 18:31:32,348 - root - INFO - 
[Scenario: ac53a506-f1dd-404f-bb93-1ffb337ce0e6] Investigator round 1, calling tools:
2026-07-10 18:31:32,861 - httpx - INFO - HTTP Request: POST https://api.tokenfactory.nebius.com/v1/chat/completions "HTTP/1.1 200 OK"
2026-07-10 18:31:32,863 - root - INFO - [Request tool call chatcmpl-tool-b807e710bd188128] function get_throughput_logs()
2026-07-10 18:31:32,863 - root - INFO - [95m[Executing tool call chatcmpl-tool-b807e710bd188128] function get_throughput_logs()[0m
2026-07-10 18:31:32,873 - root - INFO - [Tools API] GET /throughput-logs params={}
2026-07-10 18:31:32,873 - root - INFO - [95m[Tool result] {"Logs": "Timestamp|5G KPI PCell Layer2 MAC DL Throughput [Mbps]\n2024-09-20 22:21:31.523|549.92\n2024-09-20 22:21:32.397|354.51\n2024-09-20 22:21:33.333|405.21\n2024-09-20 22:21:34.197|75.01\n2024-09-20 22:21:35.155|26.45\n2024-09-20 22:21:36.377|51.69\n2024-09-20 22:21:37.734|25.17\n2024-09-20 22:21:38.508|45.08\n2024-09-20 22:21:39.455|185.6\n2024-09-20 22:21:40.675|488.22\n2024-09-20 22:21:41.159|480.02\n2024-09-20 22:21:42.335|314.56\n"} [0m
2026-07-10 18:31:32,873 - root - INFO - 
[Scenario: ac53a506-f1dd-404f-bb93-1ffb337ce0e6] Investigator round 2, calling tools:
2026-07-10 18:31:33,741 - httpx - INFO - HTTP Request: POST https://api.tokenfactory.nebius.com/v1/chat/completions "HTTP/1.1 200 OK"
2026-07-10 18:31:33,742 - root - INFO - [Request tool call chatcmpl-tool-8f0c0b59884903ae] function get_serving_cell_pci(time=2024-09-20 22:21:34.219)
2026-07-10 18:31:33,742 - root - INFO - [95m[Executing tool call chatcmpl-tool-8f0c0b59884903ae] function get_serving_cell_pci(time=2024-09-20 22:21:34.219)[0m
2026-07-10 18:31:33,753 - root - INFO - [Tools API] GET /serving-cell-pci params={'time': '2024-09-20 22:21:34.219'} -> HTTPError: No serving cell PCI found for time 2024-09-20 22:21:34.219
2026-07-10 18:31:33,754 - root - INFO - [95m[Tool result] {"error": "No serving cell PCI found for time 2024-09-20 22:21:34.219"} [0m
2026-07-10 18:31:33,754 - root - INFO - 
[Scenario: ac53a506-f1dd-404f-bb93-1ffb337ce0e6] Investigator round 3, calling tools:
2026-07-10 18:31:35,909 - httpx - INFO - HTTP Request: POST https://api.tokenfactory.nebius.com/v1/chat/completions "HTTP/1.1 200 OK"
2026-07-10 18:31:35,910 - root - INFO - [Request tool call chatcmpl-tool-b09e69945dfd06bf] function get_serving_cell_pci(time=2024-09-20 22:21:35.155)
2026-07-10 18:31:35,911 - root - INFO - [95m[Executing tool call chatcmpl-tool-b09e69945dfd06bf] function get_serving_cell_pci(time=2024-09-20 22:21:35.155)[0m
2026-07-10 18:31:35,922 - root - INFO - [Tools API] GET /serving-cell-pci params={'time': '2024-09-20 22:21:35.155'}
2026-07-10 18:31:35,922 - root - INFO - [95m[Tool result] {"PCI": 156} [0m
2026-07-10 18:31:35,923 - root - INFO - 
[Scenario: ac53a506-f1dd-404f-bb93-1ffb337ce0e6] Investigator round 4, calling tools:
2026-07-10 18:31:36,868 - httpx - INFO - HTTP Request: POST https://api.tokenfactory.nebius.com/v1/chat/completions "HTTP/1.1 200 OK"
2026-07-10 18:31:36,871 - root - INFO - [Request tool call chatcmpl-tool-a59aa911cb39e136] function get_serving_cell_rsrp(time=2024-09-20 22:21:35.155)
2026-07-10 18:31:36,871 - root - INFO - [95m[Executing tool call chatcmpl-tool-a59aa911cb39e136] function get_serving_cell_rsrp(time=2024-09-20 22:21:35.155)[0m
2026-07-10 18:31:36,880 - root - INFO - [Tools API] GET /serving-cell-rsrp params={'time': '2024-09-20 22:21:35.155'}
2026-07-10 18:31:36,881 - root - INFO - [95m[Tool result] {"SS-RSRP (dBm)": -88.54} [0m
2026-07-10 18:31:36,881 - root - INFO - 
[Scenario: ac53a506-f1dd-404f-bb93-1ffb337ce0e6] Investigator round 5, calling tools:
2026-07-10 18:31:37,810 - httpx - INFO - HTTP Request: POST https://api.tokenfactory.nebius.com/v1/chat/completions "HTTP/1.1 200 OK"
2026-07-10 18:31:37,811 - root - INFO - [Request tool call chatcmpl-tool-85205deefa32f156] function get_serving_cell_sinr(time=2024-09-20 22:21:35.155)
2026-07-10 18:31:37,811 - root - INFO - [95m[Executing tool call chatcmpl-tool-85205deefa32f156] function get_serving_cell_sinr(time=2024-09-20 22:21:35.155)[0m
2026-07-10 18:31:37,820 - root - INFO - [Tools API] GET /serving-cell-sinr params={'time': '2024-09-20 22:21:35.155'}
2026-07-10 18:31:37,820 - root - INFO - [95m[Tool result] {"SS-SINR (dB)": -1.05} [0m
2026-07-10 18:31:37,820 - root - INFO - 
[Scenario: ac53a506-f1dd-404f-bb93-1ffb337ce0e6] Investigator round 6, calling tools:
2026-07-10 18:31:38,748 - httpx - INFO - HTTP Request: POST https://api.tokenfactory.nebius.com/v1/chat/completions "HTTP/1.1 200 OK"
2026-07-10 18:31:38,750 - root - INFO - [Request tool call chatcmpl-tool-bfed4713924a3108] function get_neighboring_cells_pci(time=2024-09-20 22:21:35.155)
2026-07-10 18:31:38,750 - root - INFO - [95m[Executing tool call chatcmpl-tool-bfed4713924a3108] function get_neighboring_cells_pci(time=2024-09-20 22:21:35.155)[0m
2026-07-10 18:31:38,762 - root - INFO - [Tools API] GET /neighboring-cells-pci params={'time': '2024-09-20 22:21:35.155'}
2026-07-10 18:31:38,762 - root - INFO - [95m[Tool result] {"PCIs": [236, 176, 352]} [0m
2026-07-10 18:31:38,762 - root - INFO - 
[Scenario: ac53a506-f1dd-404f-bb93-1ffb337ce0e6] Investigator round 7, calling tools:
2026-07-10 18:31:40,046 - httpx - INFO - HTTP Request: POST https://api.tokenfactory.nebius.com/v1/chat/completions "HTTP/1.1 200 OK"
2026-07-10 18:31:40,048 - root - INFO - [Request tool call chatcmpl-tool-86eda2cbb3a5350a] function get_neighboring_cell_rsrp(time=2024-09-20 22:21:35.155, pci=236)
2026-07-10 18:31:40,048 - root - INFO - [95m[Executing tool call chatcmpl-tool-86eda2cbb3a5350a] function get_neighboring_cell_rsrp(time=2024-09-20 22:21:35.155, pci=236)[0m
2026-07-10 18:31:40,064 - root - INFO - [Tools API] GET /neighboring-cell-rsrp params={'time': '2024-09-20 22:21:35.155', 'pci': 236}
2026-07-10 18:31:40,065 - root - INFO - [95m[Tool result] {"Filtered Tx BRSRP [dBm]": -83.0} [0m
2026-07-10 18:31:40,065 - root - INFO - 
[Scenario: ac53a506-f1dd-404f-bb93-1ffb337ce0e6] Investigator round 8, calling tools:
2026-07-10 18:31:41,035 - httpx - INFO - HTTP Request: POST https://api.tokenfactory.nebius.com/v1/chat/completions "HTTP/1.1 200 OK"
2026-07-10 18:31:41,036 - root - INFO - [Request tool call chatcmpl-tool-99100b4b3dfa2ff4] function get_neighboring_cell_rsrp(time=2024-09-20 22:21:35.155, pci=176)
2026-07-10 18:31:41,036 - root - INFO - [95m[Executing tool call chatcmpl-tool-99100b4b3dfa2ff4] function get_neighboring_cell_rsrp(time=2024-09-20 22:21:35.155, pci=176)[0m
2026-07-10 18:31:41,049 - root - INFO - [Tools API] GET /neighboring-cell-rsrp params={'time': '2024-09-20 22:21:35.155', 'pci': 176}
2026-07-10 18:31:41,050 - root - INFO - [95m[Tool result] {"Filtered Tx BRSRP [dBm]": -84.0} [0m
2026-07-10 18:31:41,050 - root - INFO - 
[Scenario: ac53a506-f1dd-404f-bb93-1ffb337ce0e6] Investigator round 9, calling tools:
2026-07-10 18:31:41,847 - httpx - INFO - HTTP Request: POST https://api.tokenfactory.nebius.com/v1/chat/completions "HTTP/1.1 200 OK"
2026-07-10 18:31:41,848 - root - INFO - [Request tool call chatcmpl-tool-b4d8342e91207a59] function get_neighboring_cell_rsrp(time=2024-09-20 22:21:35.155, pci=352)
2026-07-10 18:31:41,848 - root - INFO - [95m[Executing tool call chatcmpl-tool-b4d8342e91207a59] function get_neighboring_cell_rsrp(time=2024-09-20 22:21:35.155, pci=352)[0m
2026-07-10 18:31:41,858 - root - INFO - [Tools API] GET /neighboring-cell-rsrp params={'time': '2024-09-20 22:21:35.155', 'pci': 352}
2026-07-10 18:31:41,859 - root - INFO - [95m[Tool result] {"Filtered Tx BRSRP [dBm]": -90.0} [0m
2026-07-10 18:31:41,859 - root - INFO - 
[Scenario: ac53a506-f1dd-404f-bb93-1ffb337ce0e6] Investigator round 10, calling tools:
2026-07-10 18:31:42,585 - httpx - INFO - HTTP Request: POST https://api.tokenfactory.nebius.com/v1/chat/completions "HTTP/1.1 200 OK"
2026-07-10 18:31:42,586 - root - INFO - [Request tool call chatcmpl-tool-8df2e251dbac6e67] function get_cell_info(pci=156)
2026-07-10 18:31:42,586 - root - INFO - [95m[Executing tool call chatcmpl-tool-8df2e251dbac6e67] function get_cell_info(pci=156)[0m
2026-07-10 18:31:42,596 - root - INFO - [Tools API] GET /cell-info params={'pci': 156}
2026-07-10 18:31:42,597 - root - INFO - [95m[Tool result] {"gNodeB ID": 3213863, "Cell ID": 2, "Longitude": 121.4665584695, "Latitude": 31.1449241774, "Mechanical Azimuth": 33, "Mechanical Downtilt": 6, "Digital Tilt": 3, "Height": 39.1, "Duplex Mode": "TDD", "PCI": 156, "Band": "n41", "DL ARFCN": 504990, "BW [MHz]": "100M", "TxRx Mode": "64T64R", "Transmission Power": 26, "ARFCN": 504990, "InterFreqHoEventType": "EVENT_A5", "CovInterFreqA2RsrpThld [dBm]": -105, "InterFreqA2Hyst [0.5dB]": 2, "CovInterFreqA5RsrpThld1 [dBm]": -105, "CovInterFreqA5RsrpThld2 [dBm]": -100, "IntraFreqHoA3Offset [0.5dB]": 10, "IntraFreqHoA3Hyst [0.5dB]": 2, "IntraFreqHoA3TimeToTrig": "ms320", "PCell Neighbor Cell (gNodeBID_ARFCN_PCI)": "[3254533_504990_176,3278143_504990_352,3211229_504990_236]", "PdcchOccupiedSymbolNum": "1SYM", "Digital Azimuth": 0, "Max Transmit Power": 32, "notes": ""} [0m
2026-07-10 18:31:42,597 - root - INFO - 
[Scenario: ac53a506-f1dd-404f-bb93-1ffb337ce0e6] Investigator round 11, calling tools:
2026-07-10 18:31:43,150 - httpx - INFO - HTTP Request: POST https://api.tokenfactory.nebius.com/v1/chat/completions "HTTP/1.1 200 OK"
2026-07-10 18:31:43,163 - root - INFO - [Request tool call chatcmpl-tool-a9f6a1a9810ca30f] function get_cell_info(pci=236)
2026-07-10 18:31:43,164 - root - INFO - [95m[Executing tool call chatcmpl-tool-a9f6a1a9810ca30f] function get_cell_info(pci=236)[0m
2026-07-10 18:31:43,200 - root - INFO - [Tools API] GET /cell-info params={'pci': 236}
2026-07-10 18:31:43,202 - root - INFO - [95m[Tool result] {"gNodeB ID": 3211229, "Cell ID": 4, "Longitude": 121.4657129346, "Latitude": 31.1547560133, "Mechanical Azimuth": 98, "Mechanical Downtilt": 13, "Digital Tilt": 3, "Height": 49.4, "Duplex Mode": "TDD", "PCI": 236, "Band": "n41", "DL ARFCN": 504990, "BW [MHz]": "100M", "TxRx Mode": "64T64R", "Transmission Power": 18, "ARFCN": 504990, "InterFreqHoEventType": "EVENT_A5", "CovInterFreqA2RsrpThld [dBm]": -105, "InterFreqA2Hyst [0.5dB]": 2, "CovInterFreqA5RsrpThld1 [dBm]": -105, "CovInterFreqA5RsrpThld2 [dBm]": -100, "IntraFreqHoA3Offset [0.5dB]": 6, "IntraFreqHoA3Hyst [0.5dB]": 2, "IntraFreqHoA3TimeToTrig": "ms320", "PCell Neighbor Cell (gNodeBID_ARFCN_PCI)": "[3254533_504990_176,3213863_504990_156,3278143_504990_352]", "PdcchOccupiedSymbolNum": "1SYM", "Digital Azimuth": 0, "Max Transmit Power": 32, "notes": ""} [0m
2026-07-10 18:31:43,205 - root - INFO - 
[Scenario: ac53a506-f1dd-404f-bb93-1ffb337ce0e6] Investigator round 12, calling tools:
2026-07-10 18:31:43,721 - httpx - INFO - HTTP Request: POST https://api.tokenfactory.nebius.com/v1/chat/completions "HTTP/1.1 200 OK"
2026-07-10 18:31:43,724 - root - INFO - [Request tool call chatcmpl-tool-925635beaf3ab5ad] function get_cell_info(pci=176)
2026-07-10 18:31:43,724 - root - INFO - [95m[Executing tool call chatcmpl-tool-925635beaf3ab5ad] function get_cell_info(pci=176)[0m
2026-07-10 18:31:43,795 - root - INFO - [Tools API] GET /cell-info params={'pci': 176}
2026-07-10 18:31:43,795 - root - INFO - [95m[Tool result] {"gNodeB ID": 3254533, "Cell ID": 1, "Longitude": 121.4741034203, "Latitude": 31.1532964447, "Mechanical Azimuth": 138, "Mechanical Downtilt": 8, "Digital Tilt": 1, "Height": 31.1, "Duplex Mode": "TDD", "PCI": 176, "Band": "n41", "DL ARFCN": 504990, "BW [MHz]": "100M", "TxRx Mode": "64T64R", "Transmission Power": 20, "ARFCN": 504990, "InterFreqHoEventType": "EVENT_A5", "CovInterFreqA2RsrpThld [dBm]": -105, "InterFreqA2Hyst [0.5dB]": 2, "CovInterFreqA5RsrpThld1 [dBm]": -105, "CovInterFreqA5RsrpThld2 [dBm]": -100, "IntraFreqHoA3Offset [0.5dB]": 6, "IntraFreqHoA3Hyst [0.5dB]": 2, "IntraFreqHoA3TimeToTrig": "ms320", "PCell Neighbor Cell (gNodeBID_ARFCN_PCI)": "[3213863_504990_156,3278143_504990_352,3211229_504990_236]", "PdcchOccupiedSymbolNum": "1SYM", "Digital Azimuth": 0, "Max Transmit Power": 32, "notes": ""} [0m
2026-07-10 18:31:43,796 - root - INFO - 
[Scenario: ac53a506-f1dd-404f-bb93-1ffb337ce0e6] Investigator round 13, calling tools:
2026-07-10 18:31:44,590 - httpx - INFO - HTTP Request: POST https://api.tokenfactory.nebius.com/v1/chat/completions "HTTP/1.1 200 OK"
2026-07-10 18:31:44,611 - root - INFO - [Request tool call chatcmpl-tool-8173023519e50f49] function get_cell_info(pci=352)
2026-07-10 18:31:44,612 - root - INFO - [95m[Executing tool call chatcmpl-tool-8173023519e50f49] function get_cell_info(pci=352)[0m
2026-07-10 18:31:45,510 - root - INFO - [Tools API] GET /cell-info params={'pci': 352}
2026-07-10 18:31:45,675 - root - INFO - [95m[Tool result] {"gNodeB ID": 3278143, "Cell ID": 3, "Longitude": 121.4670098052, "Latitude": 31.1526268035, "Mechanical Azimuth": 96, "Mechanical Downtilt": 13, "Digital Tilt": 2, "Height": 32.9, "Duplex Mode": "TDD", "PCI": 352, "Band": "n41", "DL ARFCN": 504990, "BW [MHz]": "100M", "TxRx Mode": "64T64R", "Transmission Power": 27, "ARFCN": 504990, "InterFreqHoEventType": "EVENT_A5", "CovInterFreqA2RsrpThld [dBm]": -105, "InterFreqA2Hyst [0.5dB]": 2, "CovInterFreqA5RsrpThld1 [dBm]": -105, "CovInterFreqA5RsrpThld2 [dBm]": -100, "IntraFreqHoA3Offset [0.5dB]": 6, "IntraFreqHoA3Hyst [0.5dB]": 2, "IntraFreqHoA3TimeToTrig": "ms320", "PCell Neighbor Cell (gNodeBID_ARFCN_PCI)": "[3254533_504990_176,3213863_504990_156,3211229_504990_236]", "PdcchOccupiedSymbolNum": "1SYM", "Digital Azimuth": 0, "Max Transmit Power": 32, "notes": ""} [0m
2026-07-10 18:31:45,675 - root - INFO - 
[Scenario: ac53a506-f1dd-404f-bb93-1ffb337ce0e6] Investigator round 14, calling tools:
2026-07-10 18:31:46,338 - httpx - INFO - HTTP Request: POST https://api.tokenfactory.nebius.com/v1/chat/completions "HTTP/1.1 200 OK"
2026-07-10 18:31:46,355 - root - INFO - [Request tool call chatcmpl-tool-9b3d22800b4d9ab7] function get_gnodeb_location(pci=156)
2026-07-10 18:31:46,355 - root - INFO - [95m[Executing tool call chatcmpl-tool-9b3d22800b4d9ab7] function get_gnodeb_location(pci=156)[0m
2026-07-10 18:31:46,462 - root - INFO - [Tools API] GET /gnodeb-location params={'pci': 156}
2026-07-10 18:31:46,463 - root - INFO - [95m[Tool result] {"Longitude": 121.4665584695, "Latitude": 31.1449241774} [0m
2026-07-10 18:31:46,463 - root - INFO - 
[Scenario: ac53a506-f1dd-404f-bb93-1ffb337ce0e6] Investigator round 15, calling tools:
2026-07-10 18:31:47,325 - httpx - INFO - HTTP Request: POST https://api.tokenfactory.nebius.com/v1/chat/completions "HTTP/1.1 200 OK"
2026-07-10 18:31:47,331 - root - INFO - [Request tool call chatcmpl-tool-8352f6099ac28804] function get_gnodeb_location(pci=236)
2026-07-10 18:31:47,332 - root - INFO - [95m[Executing tool call chatcmpl-tool-8352f6099ac28804] function get_gnodeb_location(pci=236)[0m
2026-07-10 18:31:48,384 - root - INFO - [Tools API] GET /gnodeb-location params={'pci': 236}
2026-07-10 18:31:48,386 - root - INFO - [95m[Tool result] {"Longitude": 121.4657129346, "Latitude": 31.1547560133} [0m
2026-07-10 18:31:48,386 - root - INFO - 
[Scenario: ac53a506-f1dd-404f-bb93-1ffb337ce0e6] Investigator forcing structured evidence report:
2026-07-10 18:32:00,551 - httpx - INFO - HTTP Request: POST https://api.tokenfactory.nebius.com/v1/chat/completions "HTTP/1.1 200 OK"
2026-07-10 18:32:00,903 - httpx - INFO - HTTP Request: POST https://api.tokenfactory.nebius.com/v1/chat/completions "HTTP/1.1 200 OK"
2026-07-10 18:32:00,953 - root - INFO - [31;1m[Agent response] \boxed{C16}[0m

2026-07-10 18:32:00,954 - root - INFO - [95m
[Scenario: ac53a506-f1dd-404f-bb93-1ffb337ce0e6] Agent's answer is C16, ground truth is C16[0m.
2026-07-10 18:32:00,954 - root - INFO - [Scenario 39bb305f-5d41-4b58-8e88-c69023dc7ebc] attempt 1/1
2026-07-10 18:32:01,285 - root - INFO - [Tools API] GET /tools params={}
2026-07-10 18:32:01,286 - root - INFO - 
[Scenario: 39bb305f-5d41-4b58-8e88-c69023dc7ebc] Investigator round 1, calling tools:
2026-07-10 18:32:01,866 - httpx - INFO - HTTP Request: POST https://api.tokenfactory.nebius.com/v1/chat/completions "HTTP/1.1 200 OK"
2026-07-10 18:32:02,061 - root - INFO - [Request tool call chatcmpl-tool-880f44bf6e08b150] function get_throughput_logs()
2026-07-10 18:32:02,061 - root - INFO - [95m[Executing tool call chatcmpl-tool-880f44bf6e08b150] function get_throughput_logs()[0m
2026-07-10 18:32:02,690 - root - INFO - [Tools API] GET /throughput-logs params={}
2026-07-10 18:32:02,691 - root - INFO - [95m[Tool result] {"Logs": "Timestamp|5G KPI PCell Layer2 MAC DL Throughput [Mbps]\n2024-09-20 22:21:31.495|310.1\n2024-09-20 22:21:32.415|340.22\n2024-09-20 22:21:33.938|462.63\n2024-09-20 22:21:34.792|98.39\n2024-09-20 22:21:35.599|60.37\n2024-09-20 22:21:36.497|64.86\n2024-09-20 22:21:37.793|87.0\n2024-09-20 22:21:38.476|60.28\n2024-09-20 22:21:39.930|90.32\n2024-09-20 22:21:40.641|357.3\n2024-09-20 22:21:41.682|301.1\n2024-09-20 22:21:42.552|501.94\n"} [0m
2026-07-10 18:32:02,691 - root - INFO - 
[Scenario: 39bb305f-5d41-4b58-8e88-c69023dc7ebc] Investigator round 2, calling tools:
2026-07-10 18:32:04,045 - httpx - INFO - HTTP Request: POST https://api.tokenfactory.nebius.com/v1/chat/completions "HTTP/1.1 200 OK"
2026-07-10 18:32:04,262 - root - INFO - [Request tool call chatcmpl-tool-8ac4d9d96532e851] function get_serving_cell_pci(time=2024-09-20 22:21:34.792)
2026-07-10 18:32:04,262 - root - INFO - [95m[Executing tool call chatcmpl-tool-8ac4d9d96532e851] function get_serving_cell_pci(time=2024-09-20 22:21:34.792)[0m
2026-07-10 18:32:04,569 - root - INFO - [Tools API] GET /serving-cell-pci params={'time': '2024-09-20 22:21:34.792'}
2026-07-10 18:32:04,580 - root - INFO - [95m[Tool result] {"PCI": 588} [0m
2026-07-10 18:32:04,581 - root - INFO - 
[Scenario: 39bb305f-5d41-4b58-8e88-c69023dc7ebc] Investigator round 3, calling tools:
2026-07-10 18:32:05,734 - httpx - INFO - HTTP Request: POST https://api.tokenfactory.nebius.com/v1/chat/completions "HTTP/1.1 200 OK"
2026-07-10 18:32:05,736 - root - INFO - [Request tool call chatcmpl-tool-87dd32d3afb24d9a] function get_serving_cell_rsrp(time=2024-09-20 22:21:34.792)
2026-07-10 18:32:05,736 - root - INFO - [95m[Executing tool call chatcmpl-tool-87dd32d3afb24d9a] function get_serving_cell_rsrp(time=2024-09-20 22:21:34.792)[0m
2026-07-10 18:32:05,871 - root - INFO - [Tools API] GET /serving-cell-rsrp params={'time': '2024-09-20 22:21:34.792'}
2026-07-10 18:32:05,872 - root - INFO - [95m[Tool result] {"SS-RSRP (dBm)": -87.09} [0m
2026-07-10 18:32:05,872 - root - INFO - 
[Scenario: 39bb305f-5d41-4b58-8e88-c69023dc7ebc] Investigator round 4, calling tools:
2026-07-10 18:32:06,899 - httpx - INFO - HTTP Request: POST https://api.tokenfactory.nebius.com/v1/chat/completions "HTTP/1.1 200 OK"
2026-07-10 18:32:06,943 - root - INFO - [Request tool call chatcmpl-tool-ba34fea329fd6ba3] function get_serving_cell_sinr(time=2024-09-20 22:21:34.792)
2026-07-10 18:32:06,943 - root - INFO - [95m[Executing tool call chatcmpl-tool-ba34fea329fd6ba3] function get_serving_cell_sinr(time=2024-09-20 22:21:34.792)[0m
2026-07-10 18:32:07,131 - root - INFO - [Tools API] GET /serving-cell-sinr params={'time': '2024-09-20 22:21:34.792'}
2026-07-10 18:32:07,131 - root - INFO - [95m[Tool result] {"SS-SINR (dB)": 17.91} [0m
2026-07-10 18:32:07,131 - root - INFO - 
[Scenario: 39bb305f-5d41-4b58-8e88-c69023dc7ebc] Investigator round 5, calling tools:
2026-07-10 18:32:08,169 - httpx - INFO - HTTP Request: POST https://api.tokenfactory.nebius.com/v1/chat/completions "HTTP/1.1 200 OK"
2026-07-10 18:32:08,177 - root - INFO - [Request tool call chatcmpl-tool-836b2aaf1104af3f] function get_serving_cell_rsrp(time=2024-09-20 22:21:31.495)
2026-07-10 18:32:08,177 - root - INFO - [95m[Executing tool call chatcmpl-tool-836b2aaf1104af3f] function get_serving_cell_rsrp(time=2024-09-20 22:21:31.495)[0m
2026-07-10 18:32:08,511 - root - INFO - [Tools API] GET /serving-cell-rsrp params={'time': '2024-09-20 22:21:31.495'}
2026-07-10 18:32:08,512 - root - INFO - [95m[Tool result] {"SS-RSRP (dBm)": -86.4} [0m
2026-07-10 18:32:08,512 - root - INFO - 
[Scenario: 39bb305f-5d41-4b58-8e88-c69023dc7ebc] Investigator round 6, calling tools:
2026-07-10 18:32:09,516 - httpx - INFO - HTTP Request: POST https://api.tokenfactory.nebius.com/v1/chat/completions "HTTP/1.1 200 OK"
2026-07-10 18:32:09,520 - root - INFO - [Request tool call chatcmpl-tool-95cd5962b4ca046f] function get_serving_cell_sinr(time=2024-09-20 22:21:31.495)
2026-07-10 18:32:09,520 - root - INFO - [95m[Executing tool call chatcmpl-tool-95cd5962b4ca046f] function get_serving_cell_sinr(time=2024-09-20 22:21:31.495)[0m
2026-07-10 18:32:09,535 - root - INFO - [Tools API] GET /serving-cell-sinr params={'time': '2024-09-20 22:21:31.495'}
2026-07-10 18:32:09,536 - root - INFO - [95m[Tool result] {"SS-SINR (dB)": 14.51} [0m
2026-07-10 18:32:09,536 - root - INFO - 
[Scenario: 39bb305f-5d41-4b58-8e88-c69023dc7ebc] Investigator round 7, calling tools:
2026-07-10 18:32:10,596 - httpx - INFO - HTTP Request: POST https://api.tokenfactory.nebius.com/v1/chat/completions "HTTP/1.1 200 OK"
2026-07-10 18:32:10,600 - root - INFO - [Request tool call chatcmpl-tool-b59c03b05fa9f25a] function get_neighboring_cells_pci(time=2024-09-20 22:21:34.792)
2026-07-10 18:32:10,601 - root - INFO - [95m[Executing tool call chatcmpl-tool-b59c03b05fa9f25a] function get_neighboring_cells_pci(time=2024-09-20 22:21:34.792)[0m
2026-07-10 18:32:10,629 - root - INFO - [Tools API] GET /neighboring-cells-pci params={'time': '2024-09-20 22:21:34.792'}
2026-07-10 18:32:10,629 - root - INFO - [95m[Tool result] {"PCIs": [513, 686, 220]} [0m
2026-07-10 18:32:10,629 - root - INFO - 
[Scenario: 39bb305f-5d41-4b58-8e88-c69023dc7ebc] Investigator round 8, calling tools:
2026-07-10 18:32:12,146 - httpx - INFO - HTTP Request: POST https://api.tokenfactory.nebius.com/v1/chat/completions "HTTP/1.1 200 OK"
2026-07-10 18:32:12,148 - root - INFO - [Request tool call chatcmpl-tool-88e43e4202b24fc2] function get_neighboring_cell_rsrp(time=2024-09-20 22:21:34.792, pci=513)
2026-07-10 18:32:12,148 - root - INFO - [95m[Executing tool call chatcmpl-tool-88e43e4202b24fc2] function get_neighboring_cell_rsrp(time=2024-09-20 22:21:34.792, pci=513)[0m
2026-07-10 18:32:12,161 - root - INFO - [Tools API] GET /neighboring-cell-rsrp params={'time': '2024-09-20 22:21:34.792', 'pci': 513}
2026-07-10 18:32:12,162 - root - INFO - [95m[Tool result] {"Filtered Tx BRSRP [dBm]": -92.0} [0m
2026-07-10 18:32:12,162 - root - INFO - 
[Scenario: 39bb305f-5d41-4b58-8e88-c69023dc7ebc] Investigator round 9, calling tools:
2026-07-10 18:32:13,133 - httpx - INFO - HTTP Request: POST https://api.tokenfactory.nebius.com/v1/chat/completions "HTTP/1.1 200 OK"
2026-07-10 18:32:13,134 - root - INFO - [Request tool call chatcmpl-tool-a9aebd8502726828] function get_neighboring_cell_rsrp(time=2024-09-20 22:21:34.792, pci=686)
2026-07-10 18:32:13,134 - root - INFO - [95m[Executing tool call chatcmpl-tool-a9aebd8502726828] function get_neighboring_cell_rsrp(time=2024-09-20 22:21:34.792, pci=686)[0m
2026-07-10 18:32:13,149 - root - INFO - [Tools API] GET /neighboring-cell-rsrp params={'time': '2024-09-20 22:21:34.792', 'pci': 686}
2026-07-10 18:32:13,150 - root - INFO - [95m[Tool result] {"Filtered Tx BRSRP [dBm]": -101.0} [0m
2026-07-10 18:32:13,150 - root - INFO - 
[Scenario: 39bb305f-5d41-4b58-8e88-c69023dc7ebc] Investigator round 10, calling tools:
2026-07-10 18:32:14,218 - httpx - INFO - HTTP Request: POST https://api.tokenfactory.nebius.com/v1/chat/completions "HTTP/1.1 200 OK"
2026-07-10 18:32:14,219 - root - INFO - [Request tool call chatcmpl-tool-8cd4e9fdb31d87c6] function get_neighboring_cell_rsrp(time=2024-09-20 22:21:34.792, pci=220)
2026-07-10 18:32:14,219 - root - INFO - [95m[Executing tool call chatcmpl-tool-8cd4e9fdb31d87c6] function get_neighboring_cell_rsrp(time=2024-09-20 22:21:34.792, pci=220)[0m
2026-07-10 18:32:14,232 - root - INFO - [Tools API] GET /neighboring-cell-rsrp params={'time': '2024-09-20 22:21:34.792', 'pci': 220}
2026-07-10 18:32:14,232 - root - INFO - [95m[Tool result] {"Filtered Tx BRSRP [dBm]": -110.0} [0m
2026-07-10 18:32:14,232 - root - INFO - 
[Scenario: 39bb305f-5d41-4b58-8e88-c69023dc7ebc] Investigator round 11, calling tools:
2026-07-10 18:32:14,704 - httpx - INFO - HTTP Request: POST https://api.tokenfactory.nebius.com/v1/chat/completions "HTTP/1.1 200 OK"
2026-07-10 18:32:14,706 - root - INFO - [Request tool call chatcmpl-tool-897e053eea285dee] function get_cell_info(pci=588)
2026-07-10 18:32:14,706 - root - INFO - [95m[Executing tool call chatcmpl-tool-897e053eea285dee] function get_cell_info(pci=588)[0m
2026-07-10 18:32:14,715 - root - INFO - [Tools API] GET /cell-info params={'pci': 588}
2026-07-10 18:32:14,716 - root - INFO - [95m[Tool result] {"gNodeB ID": 3244278, "Cell ID": 4, "Longitude": 121.4750467151, "Latitude": 31.1509168782, "Mechanical Azimuth": 272, "Mechanical Downtilt": 10, "Digital Tilt": 6, "Height": 25.7, "Duplex Mode": "TDD", "PCI": 588, "Band": "n41", "DL ARFCN": 504990, "BW [MHz]": "100M", "TxRx Mode": "64T64R", "Transmission Power": 21, "ARFCN": 504990, "InterFreqHoEventType": "EVENT_A5", "CovInterFreqA2RsrpThld [dBm]": -105, "InterFreqA2Hyst [0.5dB]": 2, "CovInterFreqA5RsrpThld1 [dBm]": -105, "CovInterFreqA5RsrpThld2 [dBm]": -100, "IntraFreqHoA3Offset [0.5dB]": 6, "IntraFreqHoA3Hyst [0.5dB]": 2, "IntraFreqHoA3TimeToTrig": "ms320", "PCell Neighbor Cell (gNodeBID_ARFCN_PCI)": "[3238149_504990_513,3226772_504990_220,3213061_504990_686]", "PdcchOccupiedSymbolNum": "1SYM", "Digital Azimuth": 0, "Max Transmit Power": 32, "notes": ""} [0m
2026-07-10 18:32:14,716 - root - INFO - 
[Scenario: 39bb305f-5d41-4b58-8e88-c69023dc7ebc] Investigator round 12, calling tools:
2026-07-10 18:32:15,315 - httpx - INFO - HTTP Request: POST https://api.tokenfactory.nebius.com/v1/chat/completions "HTTP/1.1 200 OK"
2026-07-10 18:32:15,317 - root - INFO - [Request tool call chatcmpl-tool-b0214d5b8a65ebeb] function get_cell_info(pci=513)
2026-07-10 18:32:15,318 - root - INFO - [95m[Executing tool call chatcmpl-tool-b0214d5b8a65ebeb] function get_cell_info(pci=513)[0m
2026-07-10 18:32:15,326 - root - INFO - [Tools API] GET /cell-info params={'pci': 513}
2026-07-10 18:32:15,326 - root - INFO - [95m[Tool result] {"gNodeB ID": 3238149, "Cell ID": 1, "Longitude": 121.4676886788, "Latitude": 31.1490564775, "Mechanical Azimuth": 347, "Mechanical Downtilt": 4, "Digital Tilt": 12, "Height": 28.5, "Duplex Mode": "TDD", "PCI": 513, "Band": "n41", "DL ARFCN": 504990, "BW [MHz]": "100M", "TxRx Mode": "64T64R", "Transmission Power": 16, "ARFCN": 504990, "InterFreqHoEventType": "EVENT_A5", "CovInterFreqA2RsrpThld [dBm]": -105, "InterFreqA2Hyst [0.5dB]": 2, "CovInterFreqA5RsrpThld1 [dBm]": -105, "CovInterFreqA5RsrpThld2 [dBm]": -100, "IntraFreqHoA3Offset [0.5dB]": 6, "IntraFreqHoA3Hyst [0.5dB]": 2, "IntraFreqHoA3TimeToTrig": "ms320", "PCell Neighbor Cell (gNodeBID_ARFCN_PCI)": "[3226772_504990_220,3213061_504990_686,3244278_504990_588]", "PdcchOccupiedSymbolNum": "1SYM", "Digital Azimuth": 0, "Max Transmit Power": 32, "notes": ""} [0m
2026-07-10 18:32:15,326 - root - INFO - 
[Scenario: 39bb305f-5d41-4b58-8e88-c69023dc7ebc] Investigator round 13, calling tools:
2026-07-10 18:32:16,216 - httpx - INFO - HTTP Request: POST https://api.tokenfactory.nebius.com/v1/chat/completions "HTTP/1.1 200 OK"
2026-07-10 18:32:16,217 - root - INFO - [Request tool call chatcmpl-tool-992dddbe69c4c1b6] function get_serving_cell_sinr(time=2024-09-20 22:21:37.793)
2026-07-10 18:32:16,217 - root - INFO - [95m[Executing tool call chatcmpl-tool-992dddbe69c4c1b6] function get_serving_cell_sinr(time=2024-09-20 22:21:37.793)[0m
2026-07-10 18:32:16,227 - root - INFO - [Tools API] GET /serving-cell-sinr params={'time': '2024-09-20 22:21:37.793'}
2026-07-10 18:32:16,227 - root - INFO - [95m[Tool result] {"SS-SINR (dB)": 9.75} [0m
2026-07-10 18:32:16,227 - root - INFO - 
[Scenario: 39bb305f-5d41-4b58-8e88-c69023dc7ebc] Investigator round 14, calling tools:
2026-07-10 18:32:17,639 - httpx - INFO - HTTP Request: POST https://api.tokenfactory.nebius.com/v1/chat/completions "HTTP/1.1 200 OK"
2026-07-10 18:32:17,640 - root - INFO - [Request tool call chatcmpl-tool-b0defaef9f30fd31] function get_serving_cell_rsrp(time=2024-09-20 22:21:37.793)
2026-07-10 18:32:17,640 - root - INFO - [95m[Executing tool call chatcmpl-tool-b0defaef9f30fd31] function get_serving_cell_rsrp(time=2024-09-20 22:21:37.793)[0m
2026-07-10 18:32:17,651 - root - INFO - [Tools API] GET /serving-cell-rsrp params={'time': '2024-09-20 22:21:37.793'}
2026-07-10 18:32:17,651 - root - INFO - [95m[Tool result] {"SS-RSRP (dBm)": -89.33} [0m
2026-07-10 18:32:17,651 - root - INFO - 
[Scenario: 39bb305f-5d41-4b58-8e88-c69023dc7ebc] Investigator round 15, calling tools:
2026-07-10 18:32:18,992 - httpx - INFO - HTTP Request: POST https://api.tokenfactory.nebius.com/v1/chat/completions "HTTP/1.1 200 OK"
2026-07-10 18:32:18,993 - root - INFO - [Request tool call chatcmpl-tool-8913fd1d961c6228] function get_user_location(time=2024-09-20 22:21:34.792)
2026-07-10 18:32:18,993 - root - INFO - [95m[Executing tool call chatcmpl-tool-8913fd1d961c6228] function get_user_location(time=2024-09-20 22:21:34.792)[0m
2026-07-10 18:32:19,005 - root - INFO - [Tools API] GET /user-location params={'time': '2024-09-20 22:21:34.792'}
2026-07-10 18:32:19,005 - root - INFO - [95m[Tool result] {"Longitude": 121.4656623849, "Latitude": 31.1446283336} [0m
2026-07-10 18:32:19,005 - root - INFO - 
[Scenario: 39bb305f-5d41-4b58-8e88-c69023dc7ebc] Investigator forcing structured evidence report:
